enforced_profile,classified_profile,cpu_share_pct,mem_limit_mb,network_profile,classified_network,probed_rtt_ms,probe_cost_ms,policy_cost_ms,config,trial,exec_order,requested_group,success,handshake_latency_ms,wire_latency_ms,cpu_time_ms,handshake_size_bytes,handshake_c2s_bytes,handshake_s2c_bytes
High-performance,High-performance,,,Low-latency,SecP384r1MLKEM1024,21.196,22.3445,0.0432,Adaptive,13,0,SecP384r1MLKEM1024,True,65.433,56.395,55.76,4886,1954,2932
High-performance,High-performance,,,Low-latency,,,,,Static-512,26,1,x25519_mlkem512,True,63.345,44.116,38.391,3176,1121,2055
High-performance,High-performance,,,Low-latency,,,,,Static-1024,34,2,SecP384r1MLKEM1024,True,65.535,52.911,42.328,4886,1954,2932
High-performance,High-performance,,,Low-latency,,,,,Static-768,22,3,X25519MLKEM768,True,68.616,46.587,46.566,3892,1505,2387
High-performance,High-performance,,,Low-latency,,,,,Static-1024,46,4,SecP384r1MLKEM1024,True,65.654,53.242,42.651,4886,1954,2932
High-performance,High-performance,,,Low-latency,,,,,Static-768,46,5,X25519MLKEM768,True,61.987,44.208,33.129,3892,1505,2387
High-performance,High-performance,,,Low-latency,,,,,Static-768,11,6,X25519MLKEM768,True,64.684,45.283,33.931,3892,1505,2387
High-performance,High-performance,,,Low-latency,,,,,Static-512,45,7,x25519_mlkem512,True,64.364,44.944,34.699,3176,1121,2055
High-performance,High-performance,,,Low-latency,,,,,Static-1024,47,8,SecP384r1MLKEM1024,True,66.888,53.772,40.651,4886,1954,2932
High-performance,High-performance,,,Low-latency,SecP384r1MLKEM1024,21.195,21.8616,0.0242,Adaptive,43,9,SecP384r1MLKEM1024,True,66.722,53.211,43.245,4886,1954,2932
High-performance,High-performance,,,Low-latency,,,,,Static-768,18,10,X25519MLKEM768,True,64.973,45.094,34.15,3892,1505,2387
High-performance,High-performance,,,Low-latency,,,,,Static-1024,1,11,SecP384r1MLKEM1024,True,67.111,53.663,41.693,4886,1954,2932
High-performance,High-performance,,,Low-latency,SecP384r1MLKEM1024,20.765,21.3222,0.0243,Adaptive,19,12,SecP384r1MLKEM1024,True,67.171,53.871,42.518,4886,1954,2932
High-performance,High-performance,,,Low-latency,,,,,Static-1024,16,13,SecP384r1MLKEM1024,True,66.441,54.177,44.453,4886,1954,2932
High-performance,High-performance,,,Low-latency,,,,,Static-512,38,14,x25519_mlkem512,True,63.47,44.364,32.679,3176,1121,2055
High-performance,High-performance,,,Low-latency,,,,,Static-1024,10,15,SecP384r1MLKEM1024,True,66.282,53.164,40.357,4886,1954,2932
High-performance,High-performance,,,Low-latency,,,,,Static-512,50,16,x25519_mlkem512,True,63.655,44.221,40.011,3176,1121,2055
High-performance,High-performance,,,Low-latency,,,,,Static-1024,50,17,SecP384r1MLKEM1024,True,66.118,53.629,40.365,4886,1954,2932
High-performance,High-performance,,,Low-latency,SecP384r1MLKEM1024,21.138,21.6836,0.0248,Adaptive,31,18,SecP384r1MLKEM1024,True,66.54,53.786,41.537,4886,1954,2932
High-performance,High-performance,,,Low-latency,SecP384r1MLKEM1024,20.575,21.1499,0.029,Adaptive,48,19,SecP384r1MLKEM1024,True,66.617,53.467,41.439,4886,1954,2932
High-performance,High-performance,,,Low-latency,,,,,Static-768,1,20,X25519MLKEM768,True,63.694,44.24,32.602,3892,1505,2387
High-performance,High-performance,,,Low-latency,,,,,Static-768,34,21,X25519MLKEM768,True,64.187,44.95,32.369,3892,1505,2387
High-performance,High-performance,,,Low-latency,,,,,Static-1024,18,22,SecP384r1MLKEM1024,True,67.096,53.86,42.538,4886,1954,2932
High-performance,High-performance,,,Low-latency,SecP384r1MLKEM1024,20.802,21.3547,0.086,Adaptive,6,23,SecP384r1MLKEM1024,True,68.294,54.702,43.963,4886,1954,2932
High-performance,High-performance,,,Low-latency,SecP384r1MLKEM1024,20.877,21.5962,0.0289,Adaptive,2,24,SecP384r1MLKEM1024,True,67.878,54.201,43.154,4886,1954,2932
High-performance,High-performance,,,Low-latency,SecP384r1MLKEM1024,20.65,21.2986,0.0206,Adaptive,28,25,SecP384r1MLKEM1024,True,65.963,52.924,41.496,4886,1954,2932
High-performance,High-performance,,,Low-latency,,,,,Static-512,10,26,x25519_mlkem512,True,64.329,45.14,34.112,3176,1121,2055
High-performance,High-performance,,,Low-latency,SecP384r1MLKEM1024,20.833,21.5008,0.025,Adaptive,39,27,SecP384r1MLKEM1024,True,67.072,53.723,42.471,4886,1954,2932
High-performance,High-performance,,,Low-latency,,,,,Static-768,3,28,X25519MLKEM768,True,63.891,44.682,33.119,3892,1505,2387
High-performance,High-performance,,,Low-latency,,,,,Static-768,5,29,X25519MLKEM768,True,64.25,44.918,33.483,3892,1505,2387
High-performance,High-performance,,,Low-latency,,,,,Static-512,7,30,x25519_mlkem512,True,63.445,44.193,33.432,3176,1121,2055
High-performance,High-performance,,,Low-latency,,,,,Static-1024,12,31,SecP384r1MLKEM1024,True,66.379,53.911,41.92,4886,1954,2932
High-performance,High-performance,,,Low-latency,SecP384r1MLKEM1024,20.298,20.8343,0.0204,Adaptive,49,32,SecP384r1MLKEM1024,True,67.516,54.255,41.916,4886,1954,2932
High-performance,High-performance,,,Low-latency,,,,,Static-768,50,33,X25519MLKEM768,True,63.595,44.412,33.087,3892,1505,2387
High-performance,High-performance,,,Low-latency,,,,,Static-512,36,34,x25519_mlkem512,True,63.066,44.226,37.86,3176,1121,2055
High-performance,High-performance,,,Low-latency,,,,,Static-1024,29,35,SecP384r1MLKEM1024,True,67.288,53.881,41.696,4886,1954,2932
High-performance,High-performance,,,Low-latency,,,,,Static-512,22,36,x25519_mlkem512,True,64.896,45.221,34.531,3176,1121,2055
High-performance,High-performance,,,Low-latency,,,,,Static-1024,27,37,SecP384r1MLKEM1024,True,65.524,53.561,42.641,4886,1954,2932
High-performance,High-performance,,,Low-latency,,,,,Static-512,6,38,x25519_mlkem512,True,64.581,45.055,32.851,3176,1121,2055
High-performance,High-performance,,,Low-latency,,,,,Static-768,39,39,X25519MLKEM768,True,63.75,44.885,35.082,3892,1505,2387
High-performance,High-performance,,,Low-latency,,,,,Static-768,36,40,X25519MLKEM768,True,64.279,44.856,33.493,3892,1505,2387
High-performance,High-performance,,,Low-latency,,,,,Static-1024,23,41,SecP384r1MLKEM1024,True,66.824,54.076,41.618,4886,1954,2932
High-performance,High-performance,,,Low-latency,,,,,Static-768,12,42,X25519MLKEM768,True,63.757,44.647,34.131,3892,1505,2387
High-performance,High-performance,,,Low-latency,,,,,Static-1024,24,43,SecP384r1MLKEM1024,True,66.6,53.349,42.105,4886,1954,2932
High-performance,High-performance,,,Low-latency,,,,,Static-512,35,44,x25519_mlkem512,True,68.142,44.239,33.171,3176,1121,2055
High-performance,High-performance,,,Low-latency,SecP384r1MLKEM1024,20.545,20.9365,0.0196,Adaptive,21,45,SecP384r1MLKEM1024,True,65.211,53.42,42.923,4886,1954,2932
High-performance,High-performance,,,Low-latency,,,,,Static-768,2,46,X25519MLKEM768,True,65.036,45.571,34.635,3892,1505,2387
High-performance,High-performance,,,Low-latency,SecP384r1MLKEM1024,20.911,21.9296,0.0276,Adaptive,7,47,SecP384r1MLKEM1024,True,66.867,54.171,44.781,4886,1954,2932
High-performance,High-performance,,,Low-latency,,,,,Static-768,37,48,X25519MLKEM768,True,64.319,44.906,34.411,3892,1505,2387
High-performance,High-performance,,,Low-latency,,,,,Static-512,1,49,x25519_mlkem512,True,65.724,46.104,36.107,3176,1121,2055
High-performance,High-performance,,,Low-latency,,,,,Static-768,31,50,X25519MLKEM768,True,63.657,44.475,33.094,3892,1505,2387
High-performance,High-performance,,,Low-latency,,,,,Static-1024,28,51,SecP384r1MLKEM1024,True,65.717,53.449,41.788,4886,1954,2932
High-performance,High-performance,,,Low-latency,,,,,Static-512,14,52,x25519_mlkem512,True,63.78,44.742,34.26,3176,1121,2055
High-performance,High-performance,,,Low-latency,,,,,Static-1024,22,53,SecP384r1MLKEM1024,True,66.875,53.795,44.822,4886,1954,2932
High-performance,High-performance,,,Low-latency,,,,,Static-512,34,54,x25519_mlkem512,True,64.884,45.459,34.992,3176,1121,2055
High-performance,High-performance,,,Low-latency,,,,,Static-1024,15,55,SecP384r1MLKEM1024,True,66.832,53.73,41.826,4886,1954,2932
High-performance,High-performance,,,Low-latency,SecP384r1MLKEM1024,20.662,21.2268,0.0262,Adaptive,25,56,SecP384r1MLKEM1024,True,67.013,53.914,46.75,4886,1954,2932
High-performance,High-performance,,,Low-latency,,,,,Static-768,35,57,X25519MLKEM768,True,65.24,45.646,33.418,3892,1505,2387
High-performance,High-performance,,,Low-latency,,,,,Static-768,27,58,X25519MLKEM768,True,64.647,45.381,32.419,3892,1505,2387
High-performance,High-performance,,,Low-latency,,,,,Static-512,29,59,x25519_mlkem512,True,64.13,44.959,34.335,3176,1121,2055
High-performance,High-performance,,,Low-latency,SecP384r1MLKEM1024,21.311,22.6177,0.0363,Adaptive,18,60,SecP384r1MLKEM1024,True,66.24,53.231,41.261,4886,1954,2932
High-performance,High-performance,,,Low-latency,SecP384r1MLKEM1024,20.671,21.2391,0.0264,Adaptive,10,61,SecP384r1MLKEM1024,True,66.765,53.447,42.103,4886,1954,2932
High-performance,High-performance,,,Low-latency,,,,,Static-768,7,62,X25519MLKEM768,True,64.686,45.081,34.04,3892,1505,2387
High-performance,High-performance,,,Low-latency,,,,,Static-1024,44,63,SecP384r1MLKEM1024,True,66.288,53.513,41.619,4886,1954,2932
High-performance,High-performance,,,Low-latency,,,,,Static-1024,13,64,SecP384r1MLKEM1024,True,65.847,52.898,41.52,4886,1954,2932
High-performance,High-performance,,,Low-latency,,,,,Static-1024,2,65,SecP384r1MLKEM1024,True,66.185,52.874,39.666,4886,1954,2932
High-performance,High-performance,,,Low-latency,,,,,Static-512,20,66,x25519_mlkem512,True,65.015,44.709,34.965,3176,1121,2055
High-performance,High-performance,,,Low-latency,SecP384r1MLKEM1024,20.892,21.8692,0.0263,Adaptive,8,67,SecP384r1MLKEM1024,True,68.543,54.949,41.31,4886,1954,2932
High-performance,High-performance,,,Low-latency,,,,,Static-512,30,68,x25519_mlkem512,True,63.758,44.809,32.963,3176,1121,2055
High-performance,High-performance,,,Low-latency,,,,,Static-1024,35,69,SecP384r1MLKEM1024,True,65.364,53.399,43.488,4886,1954,2932
High-performance,High-performance,,,Low-latency,,,,,Static-768,16,70,X25519MLKEM768,True,63.482,44.173,33.623,3892,1505,2387
High-performance,High-performance,,,Low-latency,SecP384r1MLKEM1024,21.055,21.7578,0.0238,Adaptive,1,71,SecP384r1MLKEM1024,True,67.965,54.39,41.647,4886,1954,2932
High-performance,High-performance,,,Low-latency,SecP384r1MLKEM1024,20.796,21.3764,0.0257,Adaptive,41,72,SecP384r1MLKEM1024,True,64.943,52.978,41.935,4886,1954,2932
High-performance,High-performance,,,Low-latency,,,,,Static-512,41,73,x25519_mlkem512,True,65.031,45.757,33.697,3176,1121,2055
High-performance,High-performance,,,Low-latency,,,,,Static-512,47,74,x25519_mlkem512,True,64.722,44.887,33.833,3176,1121,2055
High-performance,High-performance,,,Low-latency,,,,,Static-1024,20,75,SecP384r1MLKEM1024,True,66.123,53.101,41.723,4886,1954,2932
High-performance,High-performance,,,Low-latency,,,,,Static-1024,39,76,SecP384r1MLKEM1024,True,68.045,53.732,41.99,4886,1954,2932
High-performance,High-performance,,,Low-latency,SecP384r1MLKEM1024,20.524,21.0862,0.025,Adaptive,42,77,SecP384r1MLKEM1024,True,67.045,53.871,40.739,4886,1954,2932
High-performance,High-performance,,,Low-latency,,,,,Static-512,32,78,x25519_mlkem512,True,64.932,44.935,33.607,3176,1121,2055
High-performance,High-performance,,,Low-latency,SecP384r1MLKEM1024,20.597,21.5956,0.0279,Adaptive,3,79,SecP384r1MLKEM1024,True,66.169,52.847,41.891,4886,1954,2932
High-performance,High-performance,,,Low-latency,,,,,Static-1024,42,80,SecP384r1MLKEM1024,True,66.69,53.163,41.084,4886,1954,2932
High-performance,High-performance,,,Low-latency,SecP384r1MLKEM1024,20.923,22.4388,0.0257,Adaptive,5,81,SecP384r1MLKEM1024,True,67.743,54.061,41.108,4886,1954,2932
High-performance,High-performance,,,Low-latency,,,,,Static-768,48,82,X25519MLKEM768,True,63.25,44.59,33.175,3892,1505,2387
High-performance,High-performance,,,Low-latency,SecP384r1MLKEM1024,21.129,21.7467,0.025,Adaptive,50,83,SecP384r1MLKEM1024,True,65.767,52.945,41.32,4886,1954,2932
High-performance,High-performance,,,Low-latency,,,,,Static-512,21,84,x25519_mlkem512,True,62.122,44.188,33.979,3176,1121,2055
High-performance,High-performance,,,Low-latency,SecP384r1MLKEM1024,20.925,21.545,0.0287,Adaptive,27,85,SecP384r1MLKEM1024,True,65.971,52.883,42.018,4886,1954,2932
High-performance,High-performance,,,Low-latency,,,,,Static-1024,32,86,SecP384r1MLKEM1024,True,71.371,57.862,41.337,4886,1954,2932
High-performance,High-performance,,,Low-latency,,,,,Static-1024,25,87,SecP384r1MLKEM1024,True,65.429,53.493,42.528,4886,1954,2932
High-performance,High-performance,,,Low-latency,,,,,Static-768,26,88,X25519MLKEM768,True,64.98,45.287,34.163,3892,1505,2387
High-performance,High-performance,,,Low-latency,,,,,Static-768,20,89,X25519MLKEM768,True,64.588,45.259,33.13,3892,1505,2387
High-performance,High-performance,,,Low-latency,SecP384r1MLKEM1024,20.495,20.9601,0.0205,Adaptive,30,90,SecP384r1MLKEM1024,True,65.73,52.577,40.242,4886,1954,2932
High-performance,High-performance,,,Low-latency,,,,,Static-512,8,91,x25519_mlkem512,True,64.096,44.512,33.606,3176,1121,2055
High-performance,High-performance,,,Low-latency,,,,,Static-768,24,92,X25519MLKEM768,True,64.88,45.31,34.384,3892,1505,2387
High-performance,High-performance,,,Low-latency,,,,,Static-768,43,93,X25519MLKEM768,True,64.596,45.16,36.842,3892,1505,2387
High-performance,High-performance,,,Low-latency,,,,,Static-512,4,94,x25519_mlkem512,True,64.645,45.019,33.167,3176,1121,2055
High-performance,High-performance,,,Low-latency,,,,,Static-512,5,95,x25519_mlkem512,True,65.696,45.722,33.476,3176,1121,2055
High-performance,High-performance,,,Low-latency,SecP384r1MLKEM1024,20.458,21.0434,0.0251,Adaptive,33,96,SecP384r1MLKEM1024,True,67.562,54.44,46.292,4886,1954,2932
High-performance,High-performance,,,Low-latency,,,,,Static-1024,43,97,SecP384r1MLKEM1024,True,65.872,53.165,42.037,4886,1954,2932
High-performance,High-performance,,,Low-latency,,,,,Static-512,16,98,x25519_mlkem512,True,64.928,45.345,34.527,3176,1121,2055
High-performance,High-performance,,,Low-latency,,,,,Static-1024,26,99,SecP384r1MLKEM1024,True,67.005,53.504,46.588,4886,1954,2932
High-performance,High-performance,,,Low-latency,SecP384r1MLKEM1024,20.425,21.4817,0.0196,Adaptive,37,100,SecP384r1MLKEM1024,True,65.864,52.989,40.451,4886,1954,2932
High-performance,High-performance,,,Low-latency,,,,,Static-768,15,101,X25519MLKEM768,True,65.037,45.251,34.311,3892,1505,2387
High-performance,High-performance,,,Low-latency,,,,,Static-512,15,102,x25519_mlkem512,True,63.349,44.57,34.131,3176,1121,2055
High-performance,High-performance,,,Low-latency,,,,,Static-768,49,103,X25519MLKEM768,True,63.394,44.496,34.282,3892,1505,2387
High-performance,High-performance,,,Low-latency,,,,,Static-512,9,104,x25519_mlkem512,True,64.843,44.87,33.9,3176,1121,2055
High-performance,High-performance,,,Low-latency,,,,,Static-768,19,105,X25519MLKEM768,True,65.523,46.002,33.945,3892,1505,2387
High-performance,High-performance,,,Low-latency,SecP384r1MLKEM1024,20.936,21.5007,0.1166,Adaptive,26,106,SecP384r1MLKEM1024,True,66.716,53.97,41.722,4886,1954,2932
High-performance,High-performance,,,Low-latency,,,,,Static-512,46,107,x25519_mlkem512,True,68.408,45.313,33.493,3176,1121,2055
High-performance,High-performance,,,Low-latency,SecP384r1MLKEM1024,20.507,21.2718,0.0249,Adaptive,23,108,SecP384r1MLKEM1024,True,66.877,53.449,42.129,4886,1954,2932
High-performance,High-performance,,,Low-latency,SecP384r1MLKEM1024,21.199,21.8177,0.0243,Adaptive,40,109,SecP384r1MLKEM1024,True,67.523,54.656,40.837,4886,1954,2932
High-performance,High-performance,,,Low-latency,,,,,Static-768,14,110,X25519MLKEM768,True,64.33,45.085,33.041,3892,1505,2387
High-performance,High-performance,,,Low-latency,,,,,Static-1024,40,111,SecP384r1MLKEM1024,True,67.638,53.922,42.381,4886,1954,2932
High-performance,High-performance,,,Low-latency,,,,,Static-1024,41,112,SecP384r1MLKEM1024,True,65.131,52.819,43.259,4886,1954,2932
High-performance,High-performance,,,Low-latency,,,,,Static-1024,4,113,SecP384r1MLKEM1024,True,68.854,55.759,41.355,4886,1954,2932
High-performance,High-performance,,,Low-latency,SecP384r1MLKEM1024,20.795,21.3254,0.025,Adaptive,24,114,SecP384r1MLKEM1024,True,66.751,53.84,42.169,4886,1954,2932
High-performance,High-performance,,,Low-latency,SecP384r1MLKEM1024,20.78,21.358,0.0255,Adaptive,20,115,SecP384r1MLKEM1024,True,66.436,53.415,42.67,4886,1954,2932
High-performance,High-performance,,,Low-latency,,,,,Static-1024,9,116,SecP384r1MLKEM1024,True,66.999,53.675,41.728,4886,1954,2932
High-performance,High-performance,,,Low-latency,,,,,Static-1024,6,117,SecP384r1MLKEM1024,True,68.16,54.03,41.146,4886,1954,2932
High-performance,High-performance,,,Low-latency,,,,,Static-768,33,118,X25519MLKEM768,True,63.619,44.762,33.034,3892,1505,2387
High-performance,High-performance,,,Low-latency,,,,,Static-1024,14,119,SecP384r1MLKEM1024,True,65.848,53.108,41.736,4886,1954,2932
High-performance,High-performance,,,Low-latency,,,,,Static-1024,30,120,SecP384r1MLKEM1024,True,66.285,52.871,41.337,4886,1954,2932
High-performance,High-performance,,,Low-latency,,,,,Static-512,28,121,x25519_mlkem512,True,65.805,44.653,33.998,3176,1121,2055
High-performance,High-performance,,,Low-latency,,,,,Static-512,3,122,x25519_mlkem512,True,64.803,45.177,35.983,3176,1121,2055
High-performance,High-performance,,,Low-latency,,,,,Static-768,4,123,X25519MLKEM768,True,63.247,44.111,33.974,3892,1505,2387
High-performance,High-performance,,,Low-latency,,,,,Static-512,48,124,x25519_mlkem512,True,63.968,44.61,33.337,3176,1121,2055
High-performance,High-performance,,,Low-latency,,,,,Static-768,25,125,X25519MLKEM768,True,64.421,44.959,34.943,3892,1505,2387
High-performance,High-performance,,,Low-latency,,,,,Static-1024,8,126,SecP384r1MLKEM1024,True,66.313,53.622,43.023,4886,1954,2932
High-performance,High-performance,,,Low-latency,,,,,Static-512,37,127,x25519_mlkem512,True,64.381,44.921,33.034,3176,1121,2055
High-performance,High-performance,,,Low-latency,,,,,Static-512,12,128,x25519_mlkem512,True,62.968,44.207,32.607,3176,1121,2055
High-performance,High-performance,,,Low-latency,,,,,Static-512,13,129,x25519_mlkem512,True,63.554,44.808,33.557,3176,1121,2055
High-performance,High-performance,,,Low-latency,,,,,Static-1024,5,130,SecP384r1MLKEM1024,True,66.088,53.244,41.252,4886,1954,2932
High-performance,High-performance,,,Low-latency,SecP384r1MLKEM1024,20.911,21.4468,0.0248,Adaptive,34,131,SecP384r1MLKEM1024,True,66.102,53.148,40.632,4886,1954,2932
High-performance,High-performance,,,Low-latency,,,,,Static-768,9,132,X25519MLKEM768,True,63.239,44.735,33.503,3892,1505,2387
High-performance,High-performance,,,Low-latency,,,,,Static-1024,19,133,SecP384r1MLKEM1024,True,66.573,53.529,41.203,4886,1954,2932
High-performance,High-performance,,,Low-latency,SecP384r1MLKEM1024,20.945,21.5692,0.0279,Adaptive,46,134,SecP384r1MLKEM1024,True,66.31,53.251,40.55,4886,1954,2932
High-performance,High-performance,,,Low-latency,,,,,Static-768,40,135,X25519MLKEM768,True,66.848,45.113,33.995,3892,1505,2387
High-performance,High-performance,,,Low-latency,,,,,Static-768,6,136,X25519MLKEM768,True,64.937,45.031,33.419,3892,1505,2387
High-performance,High-performance,,,Low-latency,,,,,Static-512,18,137,x25519_mlkem512,True,64.699,45.176,38.365,3176,1121,2055
High-performance,High-performance,,,Low-latency,,,,,Static-1024,31,138,SecP384r1MLKEM1024,True,66.321,53.483,40.861,4886,1954,2932
High-performance,High-performance,,,Low-latency,SecP384r1MLKEM1024,20.64,21.2797,0.0279,Adaptive,14,139,SecP384r1MLKEM1024,True,65.782,53.349,41.564,4886,1954,2932
High-performance,High-performance,,,Low-latency,SecP384r1MLKEM1024,21.177,22.2862,0.0286,Adaptive,29,140,SecP384r1MLKEM1024,True,65.822,52.977,40.722,4886,1954,2932
High-performance,High-performance,,,Low-latency,,,,,Static-512,11,141,x25519_mlkem512,True,63.271,44.311,32.695,3176,1121,2055
High-performance,High-performance,,,Low-latency,,,,,Static-1024,11,142,SecP384r1MLKEM1024,True,64.699,52.947,42.304,4886,1954,2932
High-performance,High-performance,,,Low-latency,,,,,Static-512,44,143,x25519_mlkem512,True,65.154,45.28,36.687,3176,1121,2055
High-performance,High-performance,,,Low-latency,SecP384r1MLKEM1024,21.112,21.8407,0.0253,Adaptive,17,144,SecP384r1MLKEM1024,True,67.53,53.442,41.387,4886,1954,2932
High-performance,High-performance,,,Low-latency,,,,,Static-1024,37,145,SecP384r1MLKEM1024,True,66.861,53.152,40.954,4886,1954,2932
High-performance,High-performance,,,Low-latency,,,,,Static-768,41,146,X25519MLKEM768,True,66.296,46.674,53.945,3892,1505,2387
High-performance,High-performance,,,Low-latency,,,,,Static-1024,33,147,SecP384r1MLKEM1024,True,65.489,52.878,41.828,4886,1954,2932
High-performance,High-performance,,,Low-latency,,,,,Static-512,23,148,x25519_mlkem512,True,63.856,44.543,34.572,3176,1121,2055
High-performance,High-performance,,,Low-latency,SecP384r1MLKEM1024,20.912,21.5668,0.0245,Adaptive,15,149,SecP384r1MLKEM1024,True,67.654,53.633,44.468,4886,1954,2932
High-performance,High-performance,,,Low-latency,,,,,Static-768,32,150,X25519MLKEM768,True,62.344,44.614,36.141,3892,1505,2387
High-performance,High-performance,,,Low-latency,,,,,Static-1024,3,151,SecP384r1MLKEM1024,True,64.763,52.734,41.778,4886,1954,2932
High-performance,High-performance,,,Low-latency,,,,,Static-768,44,152,X25519MLKEM768,True,64.307,45.098,34.483,3892,1505,2387
High-performance,High-performance,,,Low-latency,SecP384r1MLKEM1024,20.763,21.397,0.0282,Adaptive,35,153,SecP384r1MLKEM1024,True,66.534,53.14,41.746,4886,1954,2932
High-performance,High-performance,,,Low-latency,,,,,Static-1024,49,154,SecP384r1MLKEM1024,True,66.763,53.258,41.29,4886,1954,2932
High-performance,High-performance,,,Low-latency,,,,,Static-1024,17,155,SecP384r1MLKEM1024,True,67.045,54.043,42.757,4886,1954,2932
High-performance,High-performance,,,Low-latency,,,,,Static-768,47,156,X25519MLKEM768,True,63.117,44.716,34.455,3892,1505,2387
High-performance,High-performance,,,Low-latency,SecP384r1MLKEM1024,20.865,21.5224,0.0246,Adaptive,16,157,SecP384r1MLKEM1024,True,67.352,54.269,42.057,4886,1954,2932
High-performance,High-performance,,,Low-latency,,,,,Static-768,30,158,X25519MLKEM768,True,63.709,44.561,32.61,3892,1505,2387
High-performance,High-performance,,,Low-latency,,,,,Static-1024,36,159,SecP384r1MLKEM1024,True,66.224,54.13,42.875,4886,1954,2932
High-performance,High-performance,,,Low-latency,,,,,Static-512,24,160,x25519_mlkem512,True,63.626,44.636,38.195,3176,1121,2055
High-performance,High-performance,,,Low-latency,,,,,Static-768,13,161,X25519MLKEM768,True,64.157,44.512,33.681,3892,1505,2387
High-performance,High-performance,,,Low-latency,SecP384r1MLKEM1024,20.952,21.5838,0.0286,Adaptive,4,162,SecP384r1MLKEM1024,True,67.388,53.677,41.857,4886,1954,2932
High-performance,High-performance,,,Low-latency,,,,,Static-768,29,163,X25519MLKEM768,True,64.524,44.515,33.667,3892,1505,2387
High-performance,High-performance,,,Low-latency,SecP384r1MLKEM1024,22.997,23.5316,0.0229,Adaptive,9,164,SecP384r1MLKEM1024,True,66.838,54.703,43.305,4886,1954,2932
High-performance,High-performance,,,Low-latency,,,,,Static-1024,48,165,SecP384r1MLKEM1024,True,67.039,54.052,41.909,4886,1954,2932
High-performance,High-performance,,,Low-latency,SecP384r1MLKEM1024,20.6,21.5836,0.0297,Adaptive,32,166,SecP384r1MLKEM1024,True,66.574,53.534,41.145,4886,1954,2932
High-performance,High-performance,,,Low-latency,,,,,Static-768,38,167,X25519MLKEM768,True,64.759,44.942,34.025,3892,1505,2387
High-performance,High-performance,,,Low-latency,,,,,Static-768,10,168,X25519MLKEM768,True,64.709,44.929,34.12,3892,1505,2387
High-performance,High-performance,,,Low-latency,SecP384r1MLKEM1024,21.043,21.7776,0.0262,Adaptive,45,169,SecP384r1MLKEM1024,True,67.123,53.683,42.909,4886,1954,2932
High-performance,High-performance,,,Low-latency,,,,,Static-768,23,170,X25519MLKEM768,True,64.873,45.097,34.014,3892,1505,2387
High-performance,High-performance,,,Low-latency,,,,,Static-512,40,171,x25519_mlkem512,True,64.395,44.914,33.861,3176,1121,2055
High-performance,High-performance,,,Low-latency,SecP384r1MLKEM1024,21.188,21.763,0.025,Adaptive,22,172,SecP384r1MLKEM1024,True,67.383,54.152,41.285,4886,1954,2932
High-performance,High-performance,,,Low-latency,,,,,Static-512,17,173,x25519_mlkem512,True,66.981,44.899,34.081,3176,1121,2055
High-performance,High-performance,,,Low-latency,,,,,Static-512,42,174,x25519_mlkem512,True,64.668,44.858,34.47,3176,1121,2055
High-performance,High-performance,,,Low-latency,,,,,Static-512,19,175,x25519_mlkem512,True,64.236,44.698,33.033,3176,1121,2055
High-performance,High-performance,,,Low-latency,SecP384r1MLKEM1024,21.247,21.8247,0.0315,Adaptive,11,176,SecP384r1MLKEM1024,True,67.996,54.475,43.263,4886,1954,2932
High-performance,High-performance,,,Low-latency,SecP384r1MLKEM1024,20.554,21.2373,0.0252,Adaptive,12,177,SecP384r1MLKEM1024,True,65.862,52.988,41.886,4886,1954,2932
High-performance,High-performance,,,Low-latency,,,,,Static-1024,21,178,SecP384r1MLKEM1024,True,67.867,53.568,41.617,4886,1954,2932
High-performance,High-performance,,,Low-latency,SecP384r1MLKEM1024,21.213,21.8772,0.0251,Adaptive,47,179,SecP384r1MLKEM1024,True,66.693,53.385,41.944,4886,1954,2932
High-performance,High-performance,,,Low-latency,,,,,Static-768,17,180,X25519MLKEM768,True,63.837,44.758,33.586,3892,1505,2387
High-performance,High-performance,,,Low-latency,,,,,Static-512,2,181,x25519_mlkem512,True,64.216,45.148,34.157,3176,1121,2055
High-performance,High-performance,,,Low-latency,,,,,Static-512,39,182,x25519_mlkem512,True,64.402,45.043,35.093,3176,1121,2055
High-performance,High-performance,,,Low-latency,,,,,Static-1024,45,183,SecP384r1MLKEM1024,True,66.929,53.308,42.669,4886,1954,2932
High-performance,High-performance,,,Low-latency,,,,,Static-768,28,184,X25519MLKEM768,True,64.137,44.88,33.031,3892,1505,2387
High-performance,High-performance,,,Low-latency,,,,,Static-512,25,185,x25519_mlkem512,True,64.876,45.602,35.661,3176,1121,2055
High-performance,High-performance,,,Low-latency,,,,,Static-768,45,186,X25519MLKEM768,True,65.104,45.413,35.932,3892,1505,2387
High-performance,High-performance,,,Low-latency,SecP384r1MLKEM1024,21.22,21.9952,0.0292,Adaptive,38,187,SecP384r1MLKEM1024,True,66.955,53.962,40.904,4886,1954,2932
High-performance,High-performance,,,Low-latency,,,,,Static-512,33,188,x25519_mlkem512,True,63.827,44.703,33.085,3176,1121,2055
High-performance,High-performance,,,Low-latency,,,,,Static-768,21,189,X25519MLKEM768,True,64.596,45.001,33.45,3892,1505,2387
High-performance,High-performance,,,Low-latency,,,,,Static-768,8,190,X25519MLKEM768,True,63.164,44.47,34.054,3892,1505,2387
High-performance,High-performance,,,Low-latency,SecP384r1MLKEM1024,21.081,21.7741,0.0248,Adaptive,36,191,SecP384r1MLKEM1024,True,67.044,53.641,41.508,4886,1954,2932
High-performance,High-performance,,,Low-latency,,,,,Static-512,43,192,x25519_mlkem512,True,64.473,44.857,33.379,3176,1121,2055
High-performance,High-performance,,,Low-latency,,,,,Static-512,49,193,x25519_mlkem512,True,65.475,45.62,34.519,3176,1121,2055
High-performance,High-performance,,,Low-latency,,,,,Static-1024,38,194,SecP384r1MLKEM1024,True,65.844,53.285,41.216,4886,1954,2932
High-performance,High-performance,,,Low-latency,SecP384r1MLKEM1024,20.544,21.5584,0.0268,Adaptive,44,195,SecP384r1MLKEM1024,True,66.732,53.683,43.867,4886,1954,2932
High-performance,High-performance,,,Low-latency,,,,,Static-512,31,196,x25519_mlkem512,True,64.592,44.972,33.127,3176,1121,2055
High-performance,High-performance,,,Low-latency,,,,,Static-1024,7,197,SecP384r1MLKEM1024,True,65.721,53.151,42.394,4886,1954,2932
High-performance,High-performance,,,Low-latency,,,,,Static-768,42,198,X25519MLKEM768,True,65.307,45.261,33.892,3892,1505,2387
High-performance,High-performance,,,Low-latency,,,,,Static-512,27,199,x25519_mlkem512,True,64.625,45.301,34.106,3176,1121,2055
High-performance,High-performance,,,Moderate,X25519MLKEM768,71.568,72.1602,0.0244,Adaptive,13,0,X25519MLKEM768,True,217.792,148.22,35.927,3892,1505,2387
High-performance,High-performance,,,Moderate,,,,,Static-512,26,1,x25519_mlkem512,True,217.576,147.704,36.257,3176,1121,2055
High-performance,High-performance,,,Moderate,,,,,Static-1024,34,2,SecP384r1MLKEM1024,True,221.216,157.973,47.057,4886,1954,2932
High-performance,High-performance,,,Moderate,,,,,Static-768,22,3,X25519MLKEM768,True,218.492,148.481,35.759,3892,1505,2387
High-performance,High-performance,,,Moderate,,,,,Static-1024,46,4,SecP384r1MLKEM1024,True,219.875,157.611,49.834,4886,1954,2932
High-performance,High-performance,,,Moderate,,,,,Static-768,46,5,X25519MLKEM768,True,218.508,148.617,35.974,3892,1505,2387
High-performance,High-performance,,,Moderate,,,,,Static-768,11,6,X25519MLKEM768,True,218.531,148.352,37.375,3892,1505,2387
High-performance,High-performance,,,Moderate,,,,,Static-512,45,7,x25519_mlkem512,True,217.351,147.927,36.433,3176,1121,2055
High-performance,High-performance,,,Moderate,,,,,Static-1024,47,8,SecP384r1MLKEM1024,True,221.429,157.639,45.753,4886,1954,2932
High-performance,High-performance,,,Moderate,X25519MLKEM768,71.193,71.8897,0.0245,Adaptive,43,9,X25519MLKEM768,True,218.436,148.94,40.308,3892,1505,2387
High-performance,High-performance,,,Moderate,,,,,Static-768,18,10,X25519MLKEM768,True,219.507,148.11,37.664,3892,1505,2387
High-performance,High-performance,,,Moderate,,,,,Static-1024,1,11,SecP384r1MLKEM1024,True,224.074,161.391,46.849,4886,1954,2932
High-performance,High-performance,,,Moderate,X25519MLKEM768,71.196,71.7648,0.0259,Adaptive,19,12,X25519MLKEM768,True,220.564,151.319,45.623,3892,1505,2387
High-performance,High-performance,,,Moderate,,,,,Static-1024,16,13,SecP384r1MLKEM1024,True,220.626,158.036,44.883,4886,1954,2932
High-performance,High-performance,,,Moderate,,,,,Static-512,38,14,x25519_mlkem512,True,217.512,148.23,36.666,3176,1121,2055
High-performance,High-performance,,,Moderate,,,,,Static-1024,10,15,SecP384r1MLKEM1024,True,219.496,158.396,47.021,4886,1954,2932
High-performance,High-performance,,,Moderate,,,,,Static-512,50,16,x25519_mlkem512,True,218.115,148.744,36.807,3176,1121,2055
High-performance,High-performance,,,Moderate,,,,,Static-1024,50,17,SecP384r1MLKEM1024,True,222.272,158.636,46.41,4886,1954,2932
High-performance,High-performance,,,Moderate,X25519MLKEM768,71.44,72.3775,0.0253,Adaptive,31,18,X25519MLKEM768,True,219.173,149.473,38.405,3892,1505,2387
High-performance,High-performance,,,Moderate,X25519MLKEM768,70.98,71.6213,0.0261,Adaptive,48,19,X25519MLKEM768,True,218.495,149.051,37.4,3892,1505,2387
High-performance,High-performance,,,Moderate,,,,,Static-768,1,20,X25519MLKEM768,True,217.442,148.62,36.989,3892,1505,2387
High-performance,High-performance,,,Moderate,,,,,Static-768,34,21,X25519MLKEM768,True,218.516,149.133,36.995,3892,1505,2387
High-performance,High-performance,,,Moderate,,,,,Static-1024,18,22,SecP384r1MLKEM1024,True,221.35,158.236,46.072,4886,1954,2932
High-performance,High-performance,,,Moderate,X25519MLKEM768,71.274,71.9597,0.0291,Adaptive,6,23,X25519MLKEM768,True,218.569,148.7,37.706,3892,1505,2387
High-performance,High-performance,,,Moderate,X25519MLKEM768,71.254,72.0104,0.0293,Adaptive,2,24,X25519MLKEM768,True,217.737,148.406,38.002,3892,1505,2387
High-performance,High-performance,,,Moderate,X25519MLKEM768,70.907,71.5566,0.022,Adaptive,28,25,X25519MLKEM768,True,218.184,148.646,42.928,3892,1505,2387
High-performance,High-performance,,,Moderate,,,,,Static-512,10,26,x25519_mlkem512,True,1308.636,216.675,53.396,3176,1121,2055
High-performance,High-performance,,,Moderate,X25519MLKEM768,70.704,71.5195,0.0288,Adaptive,39,27,X25519MLKEM768,True,217.718,148.316,42.938,3892,1505,2387
High-performance,High-performance,,,Moderate,,,,,Static-768,3,28,X25519MLKEM768,True,219.577,149.74,36.289,3892,1505,2387
High-performance,High-performance,,,Moderate,,,,,Static-768,5,29,X25519MLKEM768,True,218.41,148.585,38.074,3892,1505,2387
High-performance,High-performance,,,Moderate,,,,,Static-512,7,30,x25519_mlkem512,True,217.806,147.983,36.852,3176,1121,2055
High-performance,High-performance,,,Moderate,,,,,Static-1024,12,31,SecP384r1MLKEM1024,True,374.756,158.198,45.787,4886,1954,2932
High-performance,High-performance,,,Moderate,X25519MLKEM768,71.028,71.6268,0.0264,Adaptive,49,32,X25519MLKEM768,True,218.489,148.614,36.044,3892,1505,2387
High-performance,High-performance,,,Moderate,,,,,Static-768,50,33,X25519MLKEM768,True,218.225,148.449,41.162,3892,1505,2387
High-performance,High-performance,,,Moderate,,,,,Static-512,36,34,x25519_mlkem512,True,217.096,147.394,38.401,3176,1121,2055
High-performance,High-performance,,,Moderate,,,,,Static-1024,29,35,SecP384r1MLKEM1024,True,221.021,158.421,45.048,4886,1954,2932
High-performance,High-performance,,,Moderate,,,,,Static-512,22,36,x25519_mlkem512,True,218.103,148.484,37.074,3176,1121,2055
High-performance,High-performance,,,Moderate,,,,,Static-1024,27,37,SecP384r1MLKEM1024,True,221.459,158.017,44.134,4886,1954,2932
High-performance,High-performance,,,Moderate,,,,,Static-512,6,38,x25519_mlkem512,True,219.295,147.728,36.615,3176,1121,2055
High-performance,High-performance,,,Moderate,,,,,Static-768,39,39,X25519MLKEM768,True,218.049,147.926,36.521,3892,1505,2387
High-performance,High-performance,,,Moderate,,,,,Static-768,36,40,X25519MLKEM768,True,218.158,148.523,36.455,3892,1505,2387
High-performance,High-performance,,,Moderate,,,,,Static-1024,23,41,SecP384r1MLKEM1024,True,222.338,159.429,50.611,4886,1954,2932
High-performance,High-performance,,,Moderate,,,,,Static-768,12,42,X25519MLKEM768,True,218.455,148.947,36.381,3892,1505,2387
High-performance,High-performance,,,Moderate,,,,,Static-1024,24,43,SecP384r1MLKEM1024,True,220.839,157.118,45.227,4886,1954,2932
High-performance,High-performance,,,Moderate,,,,,Static-512,35,44,x25519_mlkem512,True,217.328,148.116,41.045,3176,1121,2055
High-performance,High-performance,,,Moderate,X25519MLKEM768,71.49,72.0554,0.0262,Adaptive,21,45,X25519MLKEM768,True,218.132,148.466,38.164,3892,1505,2387
High-performance,High-performance,,,Moderate,,,,,Static-768,2,46,X25519MLKEM768,True,217.749,148.327,37.271,3892,1505,2387
High-performance,High-performance,,,Moderate,X25519MLKEM768,71.224,71.8069,0.0245,Adaptive,7,47,X25519MLKEM768,True,220.508,150.265,38.759,3892,1505,2387
High-performance,High-performance,,,Moderate,,,,,Static-768,37,48,X25519MLKEM768,True,218.957,148.8,36.562,3892,1505,2387
High-performance,High-performance,,,Moderate,,,,,Static-512,1,49,x25519_mlkem512,True,217.703,147.651,36.601,3176,1121,2055
High-performance,High-performance,,,Moderate,,,,,Static-768,31,50,X25519MLKEM768,True,218.79,148.688,40.193,3892,1505,2387
High-performance,High-performance,,,Moderate,,,,,Static-1024,28,51,SecP384r1MLKEM1024,True,221.466,158.249,44.325,4886,1954,2932
High-performance,High-performance,,,Moderate,,,,,Static-512,14,52,x25519_mlkem512,True,218.542,148.323,37.716,3176,1121,2055
High-performance,High-performance,,,Moderate,,,,,Static-1024,22,53,SecP384r1MLKEM1024,True,221.745,158.671,45.99,4886,1954,2932
High-performance,High-performance,,,Moderate,,,,,Static-512,34,54,x25519_mlkem512,True,217.338,147.94,36.793,3176,1121,2055
High-performance,High-performance,,,Moderate,,,,,Static-1024,15,55,SecP384r1MLKEM1024,True,221.553,158.052,45.274,4886,1954,2932
High-performance,High-performance,,,Moderate,X25519MLKEM768,70.888,71.4914,0.0258,Adaptive,25,56,X25519MLKEM768,True,217.725,148.483,36.492,3892,1505,2387
High-performance,High-performance,,,Moderate,,,,,Static-768,35,57,X25519MLKEM768,True,218.774,148.987,36.677,3892,1505,2387
High-performance,High-performance,,,Moderate,,,,,Static-768,27,58,X25519MLKEM768,True,218.047,148.256,36.147,3892,1505,2387
High-performance,High-performance,,,Moderate,,,,,Static-512,29,59,x25519_mlkem512,True,217.683,147.908,36.404,3176,1121,2055
High-performance,High-performance,,,Moderate,X25519MLKEM768,71.419,72.3583,0.0244,Adaptive,18,60,X25519MLKEM768,True,219.252,149.469,43.306,3892,1505,2387
High-performance,High-performance,,,Moderate,X25519MLKEM768,70.851,71.5156,0.0256,Adaptive,10,61,X25519MLKEM768,True,219.067,148.728,37.113,3892,1505,2387
High-performance,High-performance,,,Moderate,,,,,Static-768,7,62,X25519MLKEM768,True,218.483,148.917,39.069,3892,1505,2387
High-performance,High-performance,,,Moderate,,,,,Static-1024,44,63,SecP384r1MLKEM1024,True,220.119,157.695,49.022,4886,1954,2932
High-performance,High-performance,,,Moderate,,,,,Static-1024,13,64,SecP384r1MLKEM1024,True,220.329,162.197,48.833,4886,1954,2932
High-performance,High-performance,,,Moderate,,,,,Static-1024,2,65,SecP384r1MLKEM1024,True,219.975,158.115,46.322,4886,1954,2932
High-performance,High-performance,,,Moderate,,,,,Static-512,20,66,x25519_mlkem512,True,217.95,147.711,40.558,3176,1121,2055
High-performance,High-performance,,,Moderate,X25519MLKEM768,70.706,71.8993,0.0289,Adaptive,8,67,X25519MLKEM768,True,219.481,149.001,35.93,3892,1505,2387
High-performance,High-performance,,,Moderate,,,,,Static-512,30,68,x25519_mlkem512,True,217.741,148.217,36.56,3176,1121,2055
High-performance,High-performance,,,Moderate,,,,,Static-1024,35,69,SecP384r1MLKEM1024,True,221.781,158.577,46.092,4886,1954,2932
High-performance,High-performance,,,Moderate,,,,,Static-768,16,70,X25519MLKEM768,True,218.831,148.993,37.444,3892,1505,2387
High-performance,High-performance,,,Moderate,X25519MLKEM768,71.077,71.682,0.0294,Adaptive,1,71,X25519MLKEM768,True,218.109,148.348,37.802,3892,1505,2387
High-performance,High-performance,,,Moderate,X25519MLKEM768,70.667,71.6171,0.0249,Adaptive,41,72,X25519MLKEM768,True,218.448,148.537,36.806,3892,1505,2387
High-performance,High-performance,,,Moderate,,,,,Static-512,41,73,x25519_mlkem512,True,217.532,148.309,36.954,3176,1121,2055
High-performance,High-performance,,,Moderate,,,,,Static-512,47,74,x25519_mlkem512,True,217.617,148.266,36.648,3176,1121,2055
High-performance,High-performance,,,Moderate,,,,,Static-1024,20,75,SecP384r1MLKEM1024,True,221.267,158.208,43.832,4886,1954,2932
High-performance,High-performance,,,Moderate,,,,,Static-1024,39,76,SecP384r1MLKEM1024,True,220.278,157.637,49.438,4886,1954,2932
High-performance,High-performance,,,Moderate,X25519MLKEM768,70.904,71.5541,0.028,Adaptive,42,77,X25519MLKEM768,True,219.532,149.396,37.152,3892,1505,2387
High-performance,High-performance,,,Moderate,,,,,Static-512,32,78,x25519_mlkem512,True,217.166,147.54,36.049,3176,1121,2055
High-performance,High-performance,,,Moderate,X25519MLKEM768,71.016,71.7048,0.0465,Adaptive,3,79,X25519MLKEM768,True,218.53,148.335,37.756,3892,1505,2387
High-performance,High-performance,,,Moderate,,,,,Static-1024,42,80,SecP384r1MLKEM1024,True,221.343,158.326,43.628,4886,1954,2932
High-performance,High-performance,,,Moderate,X25519MLKEM768,70.565,71.5575,0.0288,Adaptive,5,81,X25519MLKEM768,True,219.291,148.827,38.02,3892,1505,2387
High-performance,High-performance,,,Moderate,,,,,Static-768,48,82,X25519MLKEM768,True,222.065,152.289,35.793,3892,1505,2387
High-performance,High-performance,,,Moderate,X25519MLKEM768,71.16,72.4102,0.0296,Adaptive,50,83,X25519MLKEM768,True,218.512,149.071,41.663,3892,1505,2387
High-performance,High-performance,,,Moderate,,,,,Static-512,21,84,x25519_mlkem512,True,217.376,147.762,36.339,3176,1121,2055
High-performance,High-performance,,,Moderate,X25519MLKEM768,70.694,71.2518,0.0249,Adaptive,27,85,X25519MLKEM768,True,218.223,148.709,36.041,3892,1505,2387
High-performance,High-performance,,,Moderate,,,,,Static-1024,32,86,SecP384r1MLKEM1024,True,221.502,158.215,44.388,4886,1954,2932
High-performance,High-performance,,,Moderate,,,,,Static-1024,25,87,SecP384r1MLKEM1024,True,221.137,157.642,45.162,4886,1954,2932
High-performance,High-performance,,,Moderate,,,,,Static-768,26,88,X25519MLKEM768,True,217.606,240.019,40.048,3892,1505,2387
High-performance,High-performance,,,Moderate,,,,,Static-768,20,89,X25519MLKEM768,True,219.623,149.828,38.152,3892,1505,2387
High-performance,High-performance,,,Moderate,X25519MLKEM768,70.624,71.2108,0.0254,Adaptive,30,90,X25519MLKEM768,True,218.906,149.123,37.478,3892,1505,2387
High-performance,High-performance,,,Moderate,,,,,Static-512,8,91,x25519_mlkem512,True,218.036,147.918,37.526,3176,1121,2055
High-performance,High-performance,,,Moderate,,,,,Static-768,24,92,X25519MLKEM768,True,216.72,147.716,38.293,3892,1505,2387
High-performance,High-performance,,,Moderate,,,,,Static-768,43,93,X25519MLKEM768,True,218.685,148.941,36.435,3892,1505,2387
High-performance,High-performance,,,Moderate,,,,,Static-512,4,94,x25519_mlkem512,True,216.367,147.406,57.725,3176,1121,2055
High-performance,High-performance,,,Moderate,,,,,Static-512,5,95,x25519_mlkem512,True,217.592,148.632,36.921,3176,1121,2055
High-performance,High-performance,,,Moderate,X25519MLKEM768,71.07,71.9067,0.0188,Adaptive,33,96,X25519MLKEM768,True,220.729,150.876,38.214,3892,1505,2387
High-performance,High-performance,,,Moderate,,,,,Static-1024,43,97,SecP384r1MLKEM1024,True,220.418,157.599,45.601,4886,1954,2932
High-performance,High-performance,,,Moderate,,,,,Static-512,16,98,x25519_mlkem512,True,217.487,147.466,36.119,3176,1121,2055
High-performance,High-performance,,,Moderate,,,,,Static-1024,26,99,SecP384r1MLKEM1024,True,221.988,157.536,48.484,4886,1954,2932
High-performance,High-performance,,,Moderate,X25519MLKEM768,71.076,71.7529,0.1068,Adaptive,37,100,X25519MLKEM768,True,218.537,148.439,37.44,3892,1505,2387
High-performance,High-performance,,,Moderate,,,,,Static-768,15,101,X25519MLKEM768,True,217.084,148.218,37.043,3892,1505,2387
High-performance,High-performance,,,Moderate,,,,,Static-512,15,102,x25519_mlkem512,True,216.962,147.531,36.145,3176,1121,2055
High-performance,High-performance,,,Moderate,,,,,Static-768,49,103,X25519MLKEM768,True,217.898,148.089,35.983,3892,1505,2387
High-performance,High-performance,,,Moderate,,,,,Static-512,9,104,x25519_mlkem512,True,217.317,147.36,36.866,3176,1121,2055
High-performance,High-performance,,,Moderate,,,,,Static-768,19,105,X25519MLKEM768,True,218.212,148.505,36.645,3892,1505,2387
High-performance,High-performance,,,Moderate,X25519MLKEM768,71.139,71.7281,0.0284,Adaptive,26,106,X25519MLKEM768,True,218.269,148.503,37.356,3892,1505,2387
High-performance,High-performance,,,Moderate,,,,,Static-512,46,107,x25519_mlkem512,True,218.204,148.674,37.283,3176,1121,2055
High-performance,High-performance,,,Moderate,X25519MLKEM768,71.037,71.7536,0.0257,Adaptive,23,108,X25519MLKEM768,True,220.009,149.385,37.2,3892,1505,2387
High-performance,High-performance,,,Moderate,X25519MLKEM768,71.007,71.6136,0.0272,Adaptive,40,109,X25519MLKEM768,True,218.339,148.144,37.028,3892,1505,2387
High-performance,High-performance,,,Moderate,,,,,Static-768,14,110,X25519MLKEM768,True,218.348,148.34,37.02,3892,1505,2387
High-performance,High-performance,,,Moderate,,,,,Static-1024,40,111,SecP384r1MLKEM1024,True,220.279,157.155,45.012,4886,1954,2932
High-performance,High-performance,,,Moderate,,,,,Static-1024,41,112,SecP384r1MLKEM1024,True,221.698,158.835,45.075,4886,1954,2932
High-performance,High-performance,,,Moderate,,,,,Static-1024,4,113,SecP384r1MLKEM1024,True,221.268,157.383,45.171,4886,1954,2932
High-performance,High-performance,,,Moderate,X25519MLKEM768,71.297,72.3078,0.0347,Adaptive,24,114,X25519MLKEM768,True,218.641,148.347,37.02,3892,1505,2387
High-performance,High-performance,,,Moderate,X25519MLKEM768,71.175,71.8798,0.0275,Adaptive,20,115,X25519MLKEM768,True,218.08,147.924,35.899,3892,1505,2387
High-performance,High-performance,,,Moderate,,,,,Static-1024,9,116,SecP384r1MLKEM1024,True,221.895,158.222,44.271,4886,1954,2932
High-performance,High-performance,,,Moderate,,,,,Static-1024,6,117,SecP384r1MLKEM1024,True,220.28,299.149,42.662,4886,1954,2932
High-performance,High-performance,,,Moderate,,,,,Static-768,33,118,X25519MLKEM768,True,218.358,148.25,35.851,3892,1505,2387
High-performance,High-performance,,,Moderate,,,,,Static-1024,14,119,SecP384r1MLKEM1024,True,219.847,158.439,47.597,4886,1954,2932
High-performance,High-performance,,,Moderate,,,,,Static-1024,30,120,SecP384r1MLKEM1024,True,221.36,157.885,44.902,4886,1954,2932
High-performance,High-performance,,,Moderate,,,,,Static-512,28,121,x25519_mlkem512,True,217.67,148.073,36.261,3176,1121,2055
High-performance,High-performance,,,Moderate,,,,,Static-512,3,122,x25519_mlkem512,True,217.516,148.275,36.681,3176,1121,2055
High-performance,High-performance,,,Moderate,,,,,Static-768,4,123,X25519MLKEM768,True,217.411,148.394,37.675,3892,1505,2387
High-performance,High-performance,,,Moderate,,,,,Static-512,48,124,x25519_mlkem512,True,217.414,147.648,42.345,3176,1121,2055
High-performance,High-performance,,,Moderate,,,,,Static-768,25,125,X25519MLKEM768,True,218.023,148.265,36.084,3892,1505,2387
High-performance,High-performance,,,Moderate,,,,,Static-1024,8,126,SecP384r1MLKEM1024,True,222.84,159.435,44.871,4886,1954,2932
High-performance,High-performance,,,Moderate,,,,,Static-512,37,127,x25519_mlkem512,True,217.675,147.615,37.543,3176,1121,2055
High-performance,High-performance,,,Moderate,,,,,Static-512,12,128,x25519_mlkem512,True,217.704,148.149,35.44,3176,1121,2055
High-performance,High-performance,,,Moderate,,,,,Static-512,13,129,x25519_mlkem512,True,216.167,147.945,39.305,3176,1121,2055
High-performance,High-performance,,,Moderate,,,,,Static-1024,5,130,SecP384r1MLKEM1024,True,216.86,160.759,52.421,4886,1954,2932
High-performance,High-performance,,,Moderate,X25519MLKEM768,70.805,71.5348,0.0356,Adaptive,34,131,X25519MLKEM768,True,721.801,651.717,49.893,3892,1505,2387
High-performance,High-performance,,,Moderate,,,,,Static-768,9,132,X25519MLKEM768,True,217.201,148.864,47.086,3892,1505,2387
High-performance,High-performance,,,Moderate,,,,,Static-1024,19,133,SecP384r1MLKEM1024,True,222.388,157.809,44.536,4886,1954,2932
High-performance,High-performance,,,Moderate,X25519MLKEM768,71.054,72.2954,0.0244,Adaptive,46,134,X25519MLKEM768,True,219.449,148.51,36.782,3892,1505,2387
High-performance,High-performance,,,Moderate,,,,,Static-768,40,135,X25519MLKEM768,True,219.305,149.578,36.645,3892,1505,2387
High-performance,High-performance,,,Moderate,,,,,Static-768,6,136,X25519MLKEM768,True,218.081,148.466,36.22,3892,1505,2387
High-performance,High-performance,,,Moderate,,,,,Static-512,18,137,x25519_mlkem512,True,218.075,148.502,39.105,3176,1121,2055
High-performance,High-performance,,,Moderate,,,,,Static-1024,31,138,SecP384r1MLKEM1024,True,224.835,160.776,47.49,4886,1954,2932
High-performance,High-performance,,,Moderate,X25519MLKEM768,70.933,71.5784,0.0257,Adaptive,14,139,X25519MLKEM768,True,218.597,148.856,37.339,3892,1505,2387
High-performance,High-performance,,,Moderate,X25519MLKEM768,70.771,71.9373,0.0252,Adaptive,29,140,X25519MLKEM768,True,218.652,148.296,38.433,3892,1505,2387
High-performance,High-performance,,,Moderate,,,,,Static-512,11,141,x25519_mlkem512,True,217.421,148.861,49.974,3176,1121,2055
High-performance,High-performance,,,Moderate,,,,,Static-1024,11,142,SecP384r1MLKEM1024,True,222.094,164.355,69.01,4886,1954,2932
High-performance,High-performance,,,Moderate,,,,,Static-512,44,143,x25519_mlkem512,True,217.554,147.892,36.325,3176,1121,2055
High-performance,High-performance,,,Moderate,X25519MLKEM768,71.18,71.8726,0.0272,Adaptive,17,144,X25519MLKEM768,True,218.193,148.434,37.17,3892,1505,2387
High-performance,High-performance,,,Moderate,,,,,Static-1024,37,145,SecP384r1MLKEM1024,True,226.177,162.403,43.278,4886,1954,2932
High-performance,High-performance,,,Moderate,,,,,Static-768,41,146,X25519MLKEM768,True,217.215,148.221,37.05,3892,1505,2387
High-performance,High-performance,,,Moderate,,,,,Static-1024,33,147,SecP384r1MLKEM1024,True,221.757,158.047,44.611,4886,1954,2932
High-performance,High-performance,,,Moderate,,,,,Static-512,23,148,x25519_mlkem512,True,217.003,238.49,36.978,3176,1121,2055
High-performance,High-performance,,,Moderate,X25519MLKEM768,70.997,71.5689,0.0294,Adaptive,15,149,X25519MLKEM768,True,218.506,150.725,37.038,3892,1505,2387
High-performance,High-performance,,,Moderate,,,,,Static-768,32,150,X25519MLKEM768,True,218.165,148.221,36.94,3892,1505,2387
High-performance,High-performance,,,Moderate,,,,,Static-1024,3,151,SecP384r1MLKEM1024,True,222.813,159.889,44.643,4886,1954,2932
High-performance,High-performance,,,Moderate,,,,,Static-768,44,152,X25519MLKEM768,True,217.91,149.279,37.773,3892,1505,2387
High-performance,High-performance,,,Moderate,X25519MLKEM768,70.472,72.075,0.024,Adaptive,35,153,X25519MLKEM768,True,218.111,148.345,35.664,3892,1505,2387
High-performance,High-performance,,,Moderate,,,,,Static-1024,49,154,SecP384r1MLKEM1024,True,219.708,157.942,45.209,4886,1954,2932
High-performance,High-performance,,,Moderate,,,,,Static-1024,17,155,SecP384r1MLKEM1024,True,222.543,158.626,46.933,4886,1954,2932
High-performance,High-performance,,,Moderate,,,,,Static-768,47,156,X25519MLKEM768,True,218.3,148.112,35.755,3892,1505,2387
High-performance,High-performance,,,Moderate,X25519MLKEM768,70.75,71.7988,0.0253,Adaptive,16,157,X25519MLKEM768,True,221.589,151.518,37.437,3892,1505,2387
High-performance,High-performance,,,Moderate,,,,,Static-768,30,158,X25519MLKEM768,True,218.28,148.25,36.607,3892,1505,2387
High-performance,High-performance,,,Moderate,,,,,Static-1024,36,159,SecP384r1MLKEM1024,True,221.351,158.123,48.39,4886,1954,2932
High-performance,High-performance,,,Moderate,,,,,Static-512,24,160,x25519_mlkem512,True,252.6,184.625,38.144,3176,1121,2055
High-performance,High-performance,,,Moderate,,,,,Static-768,13,161,X25519MLKEM768,True,218.687,148.57,38.504,3892,1505,2387
High-performance,High-performance,,,Moderate,X25519MLKEM768,71.142,71.7966,0.0263,Adaptive,4,162,X25519MLKEM768,True,218.134,148.479,36.677,3892,1505,2387
High-performance,High-performance,,,Moderate,,,,,Static-768,29,163,X25519MLKEM768,True,218.381,148.996,37.54,3892,1505,2387
High-performance,High-performance,,,Moderate,X25519MLKEM768,71.094,71.8249,0.0249,Adaptive,9,164,X25519MLKEM768,True,218.091,148.101,37.185,3892,1505,2387
High-performance,High-performance,,,Moderate,,,,,Static-1024,48,165,SecP384r1MLKEM1024,True,220.527,158.476,44.748,4886,1954,2932
High-performance,High-performance,,,Moderate,X25519MLKEM768,70.861,71.4212,0.0248,Adaptive,32,166,X25519MLKEM768,True,217.922,148.121,36.166,3892,1505,2387
High-performance,High-performance,,,Moderate,,,,,Static-768,38,167,X25519MLKEM768,True,218.104,148.047,36.441,3892,1505,2387
High-performance,High-performance,,,Moderate,,,,,Static-768,10,168,X25519MLKEM768,True,218.467,148.728,37.9,3892,1505,2387
High-performance,High-performance,,,Moderate,X25519MLKEM768,71.672,72.501,0.0265,Adaptive,45,169,X25519MLKEM768,True,218.325,148.743,36.497,3892,1505,2387
High-performance,High-performance,,,Moderate,,,,,Static-768,23,170,X25519MLKEM768,True,219.61,149.135,36.463,3892,1505,2387
High-performance,High-performance,,,Moderate,,,,,Static-512,40,171,x25519_mlkem512,True,217.308,147.445,36.707,3176,1121,2055
High-performance,High-performance,,,Moderate,X25519MLKEM768,71.088,71.9605,0.0265,Adaptive,22,172,X25519MLKEM768,True,218.607,148.512,37.252,3892,1505,2387
High-performance,High-performance,,,Moderate,,,,,Static-512,17,173,x25519_mlkem512,True,216.272,147.827,41.468,3176,1121,2055
High-performance,High-performance,,,Moderate,,,,,Static-512,42,174,x25519_mlkem512,True,218.785,147.37,36.865,3176,1121,2055
High-performance,High-performance,,,Moderate,,,,,Static-512,19,175,x25519_mlkem512,True,424.08,147.753,40.555,3176,1121,2055
High-performance,High-performance,,,Moderate,X25519MLKEM768,70.935,72.2656,0.0236,Adaptive,11,176,X25519MLKEM768,True,218.676,149.495,37.332,3892,1505,2387
High-performance,High-performance,,,Moderate,X25519MLKEM768,70.609,71.9493,0.0266,Adaptive,12,177,X25519MLKEM768,True,218.298,148.575,36.989,3892,1505,2387
High-performance,High-performance,,,Moderate,,,,,Static-1024,21,178,SecP384r1MLKEM1024,True,222.57,157.937,44.316,4886,1954,2932
High-performance,High-performance,,,Moderate,X25519MLKEM768,70.974,71.6248,0.1216,Adaptive,47,179,X25519MLKEM768,True,218.67,148.373,37.88,3892,1505,2387
High-performance,High-performance,,,Moderate,,,,,Static-768,17,180,X25519MLKEM768,True,219.049,148.831,37.574,3892,1505,2387
High-performance,High-performance,,,Moderate,,,,,Static-512,2,181,x25519_mlkem512,True,218.276,147.981,41.276,3176,1121,2055
High-performance,High-performance,,,Moderate,,,,,Static-512,39,182,x25519_mlkem512,True,218.489,148.196,37.039,3176,1121,2055
High-performance,High-performance,,,Moderate,,,,,Static-1024,45,183,SecP384r1MLKEM1024,True,221.035,158.703,45.995,4886,1954,2932
High-performance,High-performance,,,Moderate,,,,,Static-768,28,184,X25519MLKEM768,True,218.462,148.87,38.053,3892,1505,2387
High-performance,High-performance,,,Moderate,,,,,Static-512,25,185,x25519_mlkem512,True,219.221,148.816,37.913,3176,1121,2055
High-performance,High-performance,,,Moderate,,,,,Static-768,45,186,X25519MLKEM768,True,218.363,148.095,36.264,3892,1505,2387
High-performance,High-performance,,,Moderate,X25519MLKEM768,71.294,71.8841,0.0249,Adaptive,38,187,X25519MLKEM768,True,218.938,148.848,37.487,3892,1505,2387
High-performance,High-performance,,,Moderate,,,,,Static-512,33,188,x25519_mlkem512,True,217.472,147.717,36.933,3176,1121,2055
High-performance,High-performance,,,Moderate,,,,,Static-768,21,189,X25519MLKEM768,True,218.434,148.438,37.694,3892,1505,2387
High-performance,High-performance,,,Moderate,,,,,Static-768,8,190,X25519MLKEM768,True,218.489,148.659,36.703,3892,1505,2387
High-performance,High-performance,,,Moderate,X25519MLKEM768,70.918,71.4824,0.026,Adaptive,36,191,X25519MLKEM768,True,218.455,149.21,39.167,3892,1505,2387
High-performance,High-performance,,,Moderate,,,,,Static-512,43,192,x25519_mlkem512,True,218.293,149.101,39.389,3176,1121,2055
High-performance,High-performance,,,Moderate,,,,,Static-512,49,193,x25519_mlkem512,True,216.978,147.883,36.189,3176,1121,2055
High-performance,High-performance,,,Moderate,,,,,Static-1024,38,194,SecP384r1MLKEM1024,True,220.379,157.613,44.705,4886,1954,2932
High-performance,High-performance,,,Moderate,X25519MLKEM768,70.497,71.9773,0.0226,Adaptive,44,195,X25519MLKEM768,True,218.301,148.625,41.414,3892,1505,2387
High-performance,High-performance,,,Moderate,,,,,Static-512,31,196,x25519_mlkem512,True,218.575,148.449,36.518,3176,1121,2055
High-performance,High-performance,,,Moderate,,,,,Static-1024,7,197,SecP384r1MLKEM1024,True,220.151,157.521,46.274,4886,1954,2932
High-performance,High-performance,,,Moderate,,,,,Static-768,42,198,X25519MLKEM768,True,217.652,148.093,37.666,3892,1505,2387
High-performance,High-performance,,,Moderate,,,,,Static-512,27,199,x25519_mlkem512,True,217.308,148.084,36.547,3176,1121,2055
High-performance,High-performance,,,High-latency,x25519_mlkem512,121.444,122.1192,0.0261,Adaptive,13,0,x25519_mlkem512,True,379.88,260.022,41.857,3176,1121,2055
High-performance,High-performance,,,High-latency,,,,,Static-512,26,1,x25519_mlkem512,True,1422.683,260.002,58.75,3176,1121,2055
High-performance,High-performance,,,High-latency,,,,,Static-1024,34,2,SecP384r1MLKEM1024,True,390.631,276.519,49.089,4886,1954,2932
High-performance,High-performance,,,High-latency,,,,,Static-768,22,3,X25519MLKEM768,True,383.429,263.513,39.12,3892,1505,2387
High-performance,High-performance,,,High-latency,,,,,Static-1024,46,4,SecP384r1MLKEM1024,True,391.319,277.327,50.847,4850,1954,2896
High-performance,High-performance,,,High-latency,,,,,Static-768,46,5,X25519MLKEM768,True,383.676,263.627,40.239,3892,1505,2387
High-performance,High-performance,,,High-latency,,,,,Static-768,11,6,X25519MLKEM768,True,383.113,262.58,39.172,3892,1505,2387
High-performance,High-performance,,,High-latency,,,,,Static-512,45,7,x25519_mlkem512,True,380.144,260.049,40.107,3176,1121,2055
High-performance,High-performance,,,High-latency,,,,,Static-1024,47,8,SecP384r1MLKEM1024,True,389.15,276.946,51.189,4886,1954,2932
High-performance,High-performance,,,High-latency,x25519_mlkem512,121.053,121.7693,0.0287,Adaptive,43,9,x25519_mlkem512,True,381.019,260.591,44.299,3176,1121,2055
High-performance,High-performance,,,High-latency,,,,,Static-768,18,10,X25519MLKEM768,True,1009.936,889.973,48.716,3892,1505,2387
High-performance,High-performance,,,High-latency,,,,,Static-1024,1,11,SecP384r1MLKEM1024,True,390.506,276.093,48.939,4886,1954,2932
High-performance,High-performance,,,High-latency,x25519_mlkem512,121.49,122.314,0.0304,Adaptive,19,12,x25519_mlkem512,True,379.678,260.303,39.76,3176,1121,2055
High-performance,High-performance,,,High-latency,,,,,Static-1024,16,13,SecP384r1MLKEM1024,True,389.993,275.743,47.371,4886,1954,2932
High-performance,High-performance,,,High-latency,,,,,Static-512,38,14,x25519_mlkem512,True,380.4,260.081,40.829,3176,1121,2055
High-performance,High-performance,,,High-latency,,,,,Static-1024,10,15,SecP384r1MLKEM1024,True,758.935,646.062,53.566,4886,1954,2932
High-performance,High-performance,,,High-latency,,,,,Static-512,50,16,x25519_mlkem512,True,401.131,281.597,40.886,3176,1121,2055
High-performance,High-performance,,,High-latency,,,,,Static-1024,50,17,SecP384r1MLKEM1024,True,392.399,278.084,49.774,4886,1954,2932
High-performance,High-performance,,,High-latency,x25519_mlkem512,121.026,121.7956,0.0259,Adaptive,31,18,x25519_mlkem512,True,380.425,260.304,39.448,3176,1121,2055
High-performance,High-performance,,,High-latency,x25519_mlkem512,121.427,122.0408,0.0234,Adaptive,48,19,x25519_mlkem512,True,380.851,260.309,40.162,3176,1121,2055
High-performance,High-performance,,,High-latency,,,,,Static-768,1,20,X25519MLKEM768,True,383.929,263.536,40.916,3892,1505,2387
High-performance,High-performance,,,High-latency,,,,,Static-768,34,21,X25519MLKEM768,True,382.755,262.991,40.334,3892,1505,2387
High-performance,High-performance,,,High-latency,,,,,Static-1024,18,22,SecP384r1MLKEM1024,True,389.679,276.68,50.814,4886,1954,2932
High-performance,High-performance,,,High-latency,x25519_mlkem512,121.445,122.0173,0.0249,Adaptive,6,23,x25519_mlkem512,True,381.023,260.266,39.707,3176,1121,2055
High-performance,High-performance,,,High-latency,x25519_mlkem512,121.191,121.8066,0.0256,Adaptive,2,24,x25519_mlkem512,True,379.872,259.885,40.822,3176,1121,2055
High-performance,High-performance,,,High-latency,x25519_mlkem512,121.405,122.0688,0.0272,Adaptive,28,25,x25519_mlkem512,True,380.434,260.263,40.572,3176,1121,2055
High-performance,High-performance,,,High-latency,,,,,Static-512,10,26,x25519_mlkem512,True,379.933,259.999,40.132,3176,1121,2055
High-performance,High-performance,,,High-latency,x25519_mlkem512,121.35,122.0658,0.2065,Adaptive,39,27,x25519_mlkem512,True,381.864,260.52,39.988,3176,1121,2055
High-performance,High-performance,,,High-latency,,,,,Static-768,3,28,X25519MLKEM768,True,382.577,262.804,39.887,3892,1505,2387
High-performance,High-performance,,,High-latency,,,,,Static-768,5,29,X25519MLKEM768,True,639.224,263.019,43.29,3892,1505,2387
High-performance,High-performance,,,High-latency,,,,,Static-512,7,30,x25519_mlkem512,True,380.33,260.542,40.542,3176,1121,2055
High-performance,High-performance,,,High-latency,,,,,Static-1024,12,31,SecP384r1MLKEM1024,True,394.904,284.269,51.545,4886,1954,2932
High-performance,High-performance,,,High-latency,x25519_mlkem512,121.454,122.5777,0.0256,Adaptive,49,32,x25519_mlkem512,True,380.815,261.507,40.248,3176,1121,2055
High-performance,High-performance,,,High-latency,,,,,Static-768,50,33,X25519MLKEM768,True,382.936,263.075,38.751,3892,1505,2387
High-performance,High-performance,,,High-latency,,,,,Static-512,36,34,x25519_mlkem512,True,380.259,260.165,39.334,3176,1121,2055
High-performance,High-performance,,,High-latency,,,,,Static-1024,29,35,SecP384r1MLKEM1024,True,389.464,275.723,50.148,4886,1954,2932
High-performance,High-performance,,,High-latency,,,,,Static-512,22,36,x25519_mlkem512,True,380.664,259.902,39.265,3176,1121,2055
High-performance,High-performance,,,High-latency,,,,,Static-1024,27,37,SecP384r1MLKEM1024,True,388.555,276.022,47.57,4886,1954,2932
High-performance,High-performance,,,High-latency,,,,,Static-512,6,38,x25519_mlkem512,True,379.792,260.259,40.757,3176,1121,2055
High-performance,High-performance,,,High-latency,,,,,Static-768,39,39,X25519MLKEM768,True,382.947,263.269,39.495,3892,1505,2387
High-performance,High-performance,,,High-latency,,,,,Static-768,36,40,X25519MLKEM768,True,781.121,658.566,45.526,3892,1505,2387
High-performance,High-performance,,,High-latency,,,,,Static-1024,23,41,SecP384r1MLKEM1024,True,398.276,284.475,49.271,4886,1954,2932
High-performance,High-performance,,,High-latency,,,,,Static-768,12,42,X25519MLKEM768,True,382.618,263.249,39.572,3892,1505,2387
High-performance,High-performance,,,High-latency,,,,,Static-1024,24,43,SecP384r1MLKEM1024,True,390.634,277.215,49.352,4886,1954,2932
High-performance,High-performance,,,High-latency,,,,,Static-512,35,44,x25519_mlkem512,True,379.925,259.822,40.514,3176,1121,2055
High-performance,High-performance,,,High-latency,x25519_mlkem512,120.981,122.0521,0.0294,Adaptive,21,45,x25519_mlkem512,True,379.94,260.108,39.85,3176,1121,2055
High-performance,High-performance,,,High-latency,,,,,Static-768,2,46,X25519MLKEM768,True,383.162,263.951,41.151,3892,1505,2387
High-performance,High-performance,,,High-latency,x25519_mlkem512,121.294,122.2558,0.0281,Adaptive,7,47,x25519_mlkem512,True,380.878,260.239,40.399,3176,1121,2055
High-performance,High-performance,,,High-latency,,,,,Static-768,37,48,X25519MLKEM768,True,383.169,262.943,41.997,3892,1505,2387
High-performance,High-performance,,,High-latency,,,,,Static-512,1,49,x25519_mlkem512,True,379.563,259.619,40.31,3176,1121,2055
High-performance,High-performance,,,High-latency,,,,,Static-768,31,50,X25519MLKEM768,True,383.751,263.474,39.298,3892,1505,2387
High-performance,High-performance,,,High-latency,,,,,Static-1024,28,51,SecP384r1MLKEM1024,True,389.328,275.858,49.152,4886,1954,2932
High-performance,High-performance,,,High-latency,,,,,Static-512,14,52,x25519_mlkem512,True,379.851,260.031,39.403,3176,1121,2055
High-performance,High-performance,,,High-latency,,,,,Static-1024,22,53,SecP384r1MLKEM1024,True,389.763,276.156,48.901,4886,1954,2932
High-performance,High-performance,,,High-latency,,,,,Static-512,34,54,x25519_mlkem512,True,379.683,259.733,39.499,3176,1121,2055
High-performance,High-performance,,,High-latency,,,,,Static-1024,15,55,SecP384r1MLKEM1024,True,391.801,277.905,49.945,4886,1954,2932
High-performance,High-performance,,,High-latency,x25519_mlkem512,121.02,122.1586,0.0244,Adaptive,25,56,x25519_mlkem512,True,380.423,260.059,52.147,3176,1121,2055
High-performance,High-performance,,,High-latency,,,,,Static-768,35,57,X25519MLKEM768,True,749.82,629.976,45.654,3892,1505,2387
High-performance,High-performance,,,High-latency,,,,,Static-768,27,58,X25519MLKEM768,True,383.024,263.291,40.602,3892,1505,2387
High-performance,High-performance,,,High-latency,,,,,Static-512,29,59,x25519_mlkem512,True,381.027,260.684,39.617,3176,1121,2055
High-performance,High-performance,,,High-latency,x25519_mlkem512,121.581,122.195,0.0284,Adaptive,18,60,x25519_mlkem512,True,380.802,259.934,39.724,3176,1121,2055
High-performance,High-performance,,,High-latency,x25519_mlkem512,121.187,122.2199,0.0286,Adaptive,10,61,x25519_mlkem512,True,384.366,259.471,40.858,3176,1121,2055
High-performance,High-performance,,,High-latency,,,,,Static-768,7,62,X25519MLKEM768,True,384.504,263.514,40.772,3892,1505,2387
High-performance,High-performance,,,High-latency,,,,,Static-1024,44,63,SecP384r1MLKEM1024,True,391.514,277.45,62.289,4886,1954,2932
High-performance,High-performance,,,High-latency,,,,,Static-1024,13,64,SecP384r1MLKEM1024,True,1391.133,275.06,61.521,4850,1954,2896
High-performance,High-performance,,,High-latency,,,,,Static-1024,2,65,SecP384r1MLKEM1024,True,388.391,276.252,50.323,4886,1954,2932
High-performance,High-performance,,,High-latency,,,,,Static-512,20,66,x25519_mlkem512,True,381.254,260.4,40.6,3176,1121,2055
High-performance,High-performance,,,High-latency,x25519_mlkem512,121.127,121.7924,0.0265,Adaptive,8,67,x25519_mlkem512,True,380.583,259.911,39.461,3176,1121,2055
High-performance,High-performance,,,High-latency,,,,,Static-512,30,68,x25519_mlkem512,True,382.009,261.177,39.764,3176,1121,2055
High-performance,High-performance,,,High-latency,,,,,Static-1024,35,69,SecP384r1MLKEM1024,True,389.507,275.923,49.626,4886,1954,2932
High-performance,High-performance,,,High-latency,,,,,Static-768,16,70,X25519MLKEM768,True,382.548,263.415,40.593,3892,1505,2387
High-performance,High-performance,,,High-latency,x25519_mlkem512,121.631,122.4335,0.0266,Adaptive,1,71,x25519_mlkem512,True,380.347,260.171,39.958,3176,1121,2055
High-performance,High-performance,,,High-latency,x25519_mlkem512,121.186,121.9324,0.0232,Adaptive,41,72,x25519_mlkem512,True,1414.735,260.782,72.317,3176,1121,2055
High-performance,High-performance,,,High-latency,,,,,Static-512,41,73,x25519_mlkem512,True,381.142,260.585,39.127,3176,1121,2055
High-performance,High-performance,,,High-latency,,,,,Static-512,47,74,x25519_mlkem512,True,380.035,259.803,38.437,3176,1121,2055
High-performance,High-performance,,,High-latency,,,,,Static-1024,20,75,SecP384r1MLKEM1024,True,395.598,282.669,48.261,4886,1954,2932
High-performance,High-performance,,,High-latency,,,,,Static-1024,39,76,SecP384r1MLKEM1024,True,389.259,275.27,47.17,4886,1954,2932
High-performance,High-performance,,,High-latency,x25519_mlkem512,121.794,122.5065,0.0606,Adaptive,42,77,x25519_mlkem512,True,380.689,260.184,40.042,3176,1121,2055
High-performance,High-performance,,,High-latency,,,,,Static-512,32,78,x25519_mlkem512,True,380.619,260.749,38.593,3176,1121,2055
High-performance,High-performance,,,High-latency,x25519_mlkem512,121.464,122.3903,0.0263,Adaptive,3,79,x25519_mlkem512,True,380.465,260.262,40.679,3176,1121,2055
High-performance,High-performance,,,High-latency,,,,,Static-1024,42,80,SecP384r1MLKEM1024,True,389.371,275.335,49.086,4886,1954,2932
High-performance,High-performance,,,High-latency,x25519_mlkem512,121.449,122.2551,0.0241,Adaptive,5,81,x25519_mlkem512,True,381.019,261.031,40.108,3176,1121,2055
High-performance,High-performance,,,High-latency,,,,,Static-768,48,82,X25519MLKEM768,True,382.992,263.103,40.423,3892,1505,2387
High-performance,High-performance,,,High-latency,x25519_mlkem512,121.032,121.7197,0.0264,Adaptive,50,83,x25519_mlkem512,True,379.545,259.812,39.425,3176,1121,2055
High-performance,High-performance,,,High-latency,,,,,Static-512,21,84,x25519_mlkem512,True,380.332,260.224,39.815,3176,1121,2055
High-performance,High-performance,,,High-latency,x25519_mlkem512,121.585,122.4569,0.0281,Adaptive,27,85,x25519_mlkem512,True,1404.697,259.841,56.81,3176,1121,2055
High-performance,High-performance,,,High-latency,,,,,Static-1024,32,86,SecP384r1MLKEM1024,True,389.261,275.521,53.048,4886,1954,2932
High-performance,High-performance,,,High-latency,,,,,Static-1024,25,87,SecP384r1MLKEM1024,True,757.075,643.41,52.775,4886,1954,2932
High-performance,High-performance,,,High-latency,,,,,Static-768,26,88,X25519MLKEM768,True,382.978,262.897,38.91,3892,1505,2387
High-performance,High-performance,,,High-latency,,,,,Static-768,20,89,X25519MLKEM768,True,388.024,262.695,41.657,3892,1505,2387
High-performance,High-performance,,,High-latency,x25519_mlkem512,121.144,121.8657,0.0262,Adaptive,30,90,x25519_mlkem512,True,380.587,260.707,40.445,3176,1121,2055
High-performance,High-performance,,,High-latency,,,,,Static-512,8,91,x25519_mlkem512,True,1420.601,261.095,54.943,3176,1121,2055
High-performance,High-performance,,,High-latency,,,,,Static-768,24,92,X25519MLKEM768,True,1403.011,262.808,54.089,3892,1505,2387
High-performance,High-performance,,,High-latency,,,,,Static-768,43,93,X25519MLKEM768,True,383.633,263.35,40.18,3892,1505,2387
High-performance,High-performance,,,High-latency,,,,,Static-512,4,94,x25519_mlkem512,True,379.94,259.9,39.107,3176,1121,2055
High-performance,High-performance,,,High-latency,,,,,Static-512,5,95,x25519_mlkem512,True,379.929,260.295,43.538,3176,1121,2055
High-performance,High-performance,,,High-latency,x25519_mlkem512,121.015,122.0103,0.029,Adaptive,33,96,x25519_mlkem512,True,379.665,259.808,39.505,3176,1121,2055
High-performance,High-performance,,,High-latency,,,,,Static-1024,43,97,SecP384r1MLKEM1024,True,391.245,280.117,57.78,4886,1954,2932
High-performance,High-performance,,,High-latency,,,,,Static-512,16,98,x25519_mlkem512,True,380.045,259.691,38.783,3176,1121,2055
High-performance,High-performance,,,High-latency,,,,,Static-1024,26,99,SecP384r1MLKEM1024,True,391.586,277.752,47.608,4886,1954,2932
High-performance,High-performance,,,High-latency,x25519_mlkem512,121.721,122.3154,0.028,Adaptive,37,100,x25519_mlkem512,True,379.851,259.67,38.804,3176,1121,2055
High-performance,High-performance,,,High-latency,,,,,Static-768,15,101,X25519MLKEM768,True,383.363,262.993,40.932,3892,1505,2387
High-performance,High-performance,,,High-latency,,,,,Static-512,15,102,x25519_mlkem512,True,379.834,259.476,44.092,3176,1121,2055
High-performance,High-performance,,,High-latency,,,,,Static-768,49,103,X25519MLKEM768,True,383.069,262.966,40.26,3892,1505,2387
High-performance,High-performance,,,High-latency,,,,,Static-512,9,104,x25519_mlkem512,True,380.927,415.389,44.388,3176,1121,2055
High-performance,High-performance,,,High-latency,,,,,Static-768,19,105,X25519MLKEM768,True,384.652,264.359,41.258,3892,1505,2387
High-performance,High-performance,,,High-latency,x25519_mlkem512,121.484,122.5501,0.0656,Adaptive,26,106,x25519_mlkem512,True,380.328,260.109,39.65,3176,1121,2055
High-performance,High-performance,,,High-latency,,,,,Static-512,46,107,x25519_mlkem512,True,379.48,259.502,38.991,3176,1121,2055
High-performance,High-performance,,,High-latency,x25519_mlkem512,121.208,122.3087,0.0251,Adaptive,23,108,x25519_mlkem512,True,379.992,260.202,39.926,3176,1121,2055
High-performance,High-performance,,,High-latency,x25519_mlkem512,121.413,122.2926,0.0194,Adaptive,40,109,x25519_mlkem512,True,380.478,260.546,40.958,3176,1121,2055
High-performance,High-performance,,,High-latency,,,,,Static-768,14,110,X25519MLKEM768,True,383.35,262.797,38.396,3892,1505,2387
High-performance,High-performance,,,High-latency,,,,,Static-1024,40,111,SecP384r1MLKEM1024,True,389.267,276.211,48.41,4886,1954,2932
High-performance,High-performance,,,High-latency,,,,,Static-1024,41,112,SecP384r1MLKEM1024,True,390.065,275.505,48.145,4886,1954,2932
High-performance,High-performance,,,High-latency,,,,,Static-1024,4,113,SecP384r1MLKEM1024,True,390.093,276.326,47.711,4886,1954,2932
High-performance,High-performance,,,High-latency,x25519_mlkem512,121.446,122.1668,0.0257,Adaptive,24,114,x25519_mlkem512,True,380.412,260.017,39.67,3176,1121,2055
High-performance,High-performance,,,High-latency,x25519_mlkem512,121.671,122.3704,0.0255,Adaptive,20,115,x25519_mlkem512,True,379.663,260.329,39.838,3176,1121,2055
High-performance,High-performance,,,High-latency,,,,,Static-1024,9,116,SecP384r1MLKEM1024,True,390.144,276.389,47.628,4886,1954,2932
High-performance,High-performance,,,High-latency,,,,,Static-1024,6,117,SecP384r1MLKEM1024,True,389.365,275.322,47.43,4886,1954,2932
High-performance,High-performance,,,High-latency,,,,,Static-768,33,118,X25519MLKEM768,True,1387.56,262.461,51.758,3892,1505,2387
High-performance,High-performance,,,High-latency,,,,,Static-1024,14,119,SecP384r1MLKEM1024,True,389.995,276.65,48.242,4886,1954,2932
High-performance,High-performance,,,High-latency,,,,,Static-1024,30,120,SecP384r1MLKEM1024,True,390.012,275.862,47.245,4886,1954,2932
High-performance,High-performance,,,High-latency,,,,,Static-512,28,121,x25519_mlkem512,True,748.817,628.349,44.494,3176,1121,2055
High-performance,High-performance,,,High-latency,,,,,Static-512,3,122,x25519_mlkem512,True,380.457,260.693,42.111,3176,1121,2055
High-performance,High-performance,,,High-latency,,,,,Static-768,4,123,X25519MLKEM768,True,382.247,262.786,38.298,3892,1505,2387
High-performance,High-performance,,,High-latency,,,,,Static-512,48,124,x25519_mlkem512,True,381.823,260.243,39.932,3176,1121,2055
High-performance,High-performance,,,High-latency,,,,,Static-768,25,125,X25519MLKEM768,True,383.31,263.198,54.341,3892,1505,2387
High-performance,High-performance,,,High-latency,,,,,Static-1024,8,126,SecP384r1MLKEM1024,True,390.929,277.063,49.566,4886,1954,2932
High-performance,High-performance,,,High-latency,,,,,Static-512,37,127,x25519_mlkem512,True,380.322,259.93,43.451,3176,1121,2055
High-performance,High-performance,,,High-latency,,,,,Static-512,12,128,x25519_mlkem512,True,764.577,644.619,45.324,3176,1121,2055
High-performance,High-performance,,,High-latency,,,,,Static-512,13,129,x25519_mlkem512,True,381.381,260.248,40.474,3176,1121,2055
High-performance,High-performance,,,High-latency,,,,,Static-1024,5,130,SecP384r1MLKEM1024,True,392.189,278.102,49.498,4886,1954,2932
High-performance,High-performance,,,High-latency,x25519_mlkem512,121.209,122.1856,0.0279,Adaptive,34,131,x25519_mlkem512,True,380.34,260.061,39.607,3176,1121,2055
High-performance,High-performance,,,High-latency,,,,,Static-768,9,132,X25519MLKEM768,True,383.173,263.209,40.025,3892,1505,2387
High-performance,High-performance,,,High-latency,,,,,Static-1024,19,133,SecP384r1MLKEM1024,True,388.261,275.976,49.354,4886,1954,2932
High-performance,High-performance,,,High-latency,x25519_mlkem512,121.311,122.501,0.0268,Adaptive,46,134,x25519_mlkem512,True,380.434,260.051,38.529,3176,1121,2055
High-performance,High-performance,,,High-latency,,,,,Static-768,40,135,X25519MLKEM768,True,384.163,263.71,39.701,3892,1505,2387
High-performance,High-performance,,,High-latency,,,,,Static-768,6,136,X25519MLKEM768,True,383.251,263.143,39.074,3892,1505,2387
High-performance,High-performance,,,High-latency,,,,,Static-512,18,137,x25519_mlkem512,True,379.842,259.952,38.935,3176,1121,2055
High-performance,High-performance,,,High-latency,,,,,Static-1024,31,138,SecP384r1MLKEM1024,True,389.449,275.307,47.536,4886,1954,2932
High-performance,High-performance,,,High-latency,x25519_mlkem512,121.467,122.2618,0.028,Adaptive,14,139,x25519_mlkem512,True,749.183,629.307,44.611,3176,1121,2055
High-performance,High-performance,,,High-latency,x25519_mlkem512,121.334,122.0082,0.0272,Adaptive,29,140,x25519_mlkem512,True,379.996,260.244,40.383,3176,1121,2055
High-performance,High-performance,,,High-latency,,,,,Static-512,11,141,x25519_mlkem512,True,379.793,259.656,38.154,3176,1121,2055
High-performance,High-performance,,,High-latency,,,,,Static-1024,11,142,SecP384r1MLKEM1024,True,389.955,276.512,46.533,4886,1954,2932
High-performance,High-performance,,,High-latency,,,,,Static-512,44,143,x25519_mlkem512,True,751.057,631.004,44.319,3176,1121,2055
High-performance,High-performance,,,High-latency,x25519_mlkem512,121.264,122.2241,0.0245,Adaptive,17,144,x25519_mlkem512,True,381.44,261.704,41.241,3176,1121,2055
High-performance,High-performance,,,High-latency,,,,,Static-1024,37,145,SecP384r1MLKEM1024,True,1422.202,142.533,61.664,4879,1947,2932
High-performance,High-performance,,,High-latency,,,,,Static-768,41,146,X25519MLKEM768,True,383.852,263.072,39.762,3892,1505,2387
High-performance,High-performance,,,High-latency,,,,,Static-1024,33,147,SecP384r1MLKEM1024,True,388.035,275.411,50.568,4886,1954,2932
High-performance,High-performance,,,High-latency,,,,,Static-512,23,148,x25519_mlkem512,True,380.78,260.944,44.821,3176,1121,2055
High-performance,High-performance,,,High-latency,x25519_mlkem512,121.208,121.9035,0.0366,Adaptive,15,149,x25519_mlkem512,True,633.105,259.705,45.134,3176,1121,2055
High-performance,High-performance,,,High-latency,,,,,Static-768,32,150,X25519MLKEM768,True,749.571,630.123,45.089,3892,1505,2387
High-performance,High-performance,,,High-latency,,,,,Static-1024,3,151,SecP384r1MLKEM1024,True,389.101,275.638,47.55,4886,1954,2932
High-performance,High-performance,,,High-latency,,,,,Static-768,44,152,X25519MLKEM768,True,383.936,263.537,39.611,3892,1505,2387
High-performance,High-performance,,,High-latency,x25519_mlkem512,121.44,122.258,0.0999,Adaptive,35,153,x25519_mlkem512,True,379.84,259.999,68.077,3176,1121,2055
High-performance,High-performance,,,High-latency,,,,,Static-1024,49,154,SecP384r1MLKEM1024,True,390.498,275.489,47.957,4886,1954,2932
High-performance,High-performance,,,High-latency,,,,,Static-1024,17,155,SecP384r1MLKEM1024,True,389.265,276.527,47.809,4886,1954,2932
High-performance,High-performance,,,High-latency,,,,,Static-768,47,156,X25519MLKEM768,True,383.381,263.816,39.604,3892,1505,2387
High-performance,High-performance,,,High-latency,x25519_mlkem512,121.393,122.0949,0.0244,Adaptive,16,157,x25519_mlkem512,True,753.135,633.377,44.475,3176,1121,2055
High-performance,High-performance,,,High-latency,,,,,Static-768,30,158,X25519MLKEM768,True,383.604,263.218,39.659,3892,1505,2387
High-performance,High-performance,,,High-latency,,,,,Static-1024,36,159,SecP384r1MLKEM1024,True,389.888,276.033,48.141,4886,1954,2932
High-performance,High-performance,,,High-latency,,,,,Static-512,24,160,x25519_mlkem512,True,384.383,260.666,40.077,3176,1121,2055
High-performance,High-performance,,,High-latency,,,,,Static-768,13,161,X25519MLKEM768,True,383.078,262.946,39.011,3892,1505,2387
High-performance,High-performance,,,High-latency,x25519_mlkem512,121.232,122.4351,0.0234,Adaptive,4,162,x25519_mlkem512,True,380.319,260.154,40.315,3176,1121,2055
High-performance,High-performance,,,High-latency,,,,,Static-768,29,163,X25519MLKEM768,True,383.029,263.376,40.629,3892,1505,2387
High-performance,High-performance,,,High-latency,x25519_mlkem512,121.961,122.6355,0.0247,Adaptive,9,164,x25519_mlkem512,True,380.523,259.988,40.791,3176,1121,2055
High-performance,High-performance,,,High-latency,,,,,Static-1024,48,165,SecP384r1MLKEM1024,True,390.499,275.976,49.312,4886,1954,2932
High-performance,High-performance,,,High-latency,x25519_mlkem512,121.5,122.139,0.0244,Adaptive,32,166,x25519_mlkem512,True,380.447,260.296,40.707,3176,1121,2055
High-performance,High-performance,,,High-latency,,,,,Static-768,38,167,X25519MLKEM768,True,383.388,263.022,40.033,3892,1505,2387
High-performance,High-performance,,,High-latency,,,,,Static-768,10,168,X25519MLKEM768,True,383.873,263.828,40.803,3892,1505,2387
High-performance,High-performance,,,High-latency,x25519_mlkem512,121.562,122.2623,0.0258,Adaptive,45,169,x25519_mlkem512,True,380.986,260.197,39.484,3176,1121,2055
High-performance,High-performance,,,High-latency,,,,,Static-768,23,170,X25519MLKEM768,True,383.048,262.894,40.162,3892,1505,2387
High-performance,High-performance,,,High-latency,,,,,Static-512,40,171,x25519_mlkem512,True,380.187,260.585,39.683,3176,1121,2055
High-performance,High-performance,,,High-latency,x25519_mlkem512,121.612,122.2101,0.0252,Adaptive,22,172,x25519_mlkem512,True,380.945,260.989,39.781,3176,1121,2055
High-performance,High-performance,,,High-latency,,,,,Static-512,17,173,x25519_mlkem512,True,380.235,259.931,40.371,3176,1121,2055
High-performance,High-performance,,,High-latency,,,,,Static-512,42,174,x25519_mlkem512,True,380.335,259.991,38.958,3176,1121,2055
High-performance,High-performance,,,High-latency,,,,,Static-512,19,175,x25519_mlkem512,True,381.016,260.887,39.793,3176,1121,2055
High-performance,High-performance,,,High-latency,x25519_mlkem512,121.448,122.3005,0.0278,Adaptive,11,176,x25519_mlkem512,True,380.758,260.324,40.425,3176,1121,2055
High-performance,High-performance,,,High-latency,x25519_mlkem512,121.49,122.158,0.0335,Adaptive,12,177,x25519_mlkem512,True,379.937,260.208,40.242,3176,1121,2055
High-performance,High-performance,,,High-latency,,,,,Static-1024,21,178,SecP384r1MLKEM1024,True,388.594,276.529,50.325,4886,1954,2932
High-performance,High-performance,,,High-latency,x25519_mlkem512,120.919,122.4126,0.0285,Adaptive,47,179,x25519_mlkem512,True,380.067,260.548,40.028,3176,1121,2055
High-performance,High-performance,,,High-latency,,,,,Static-768,17,180,X25519MLKEM768,True,382.749,262.478,40.01,3892,1505,2387
High-performance,High-performance,,,High-latency,,,,,Static-512,2,181,x25519_mlkem512,True,379.152,259.577,40.138,3176,1121,2055
High-performance,High-performance,,,High-latency,,,,,Static-512,39,182,x25519_mlkem512,True,380.392,260.232,40.506,3176,1121,2055
High-performance,High-performance,,,High-latency,,,,,Static-1024,45,183,SecP384r1MLKEM1024,True,1561.608,431.746,64.319,4886,1954,2932
High-performance,High-performance,,,High-latency,,,,,Static-768,28,184,X25519MLKEM768,True,382.974,262.939,40.614,3892,1505,2387
High-performance,High-performance,,,High-latency,,,,,Static-512,25,185,x25519_mlkem512,True,379.382,259.707,40.061,3176,1121,2055
High-performance,High-performance,,,High-latency,,,,,Static-768,45,186,X25519MLKEM768,True,382.881,418.591,40.549,3892,1505,2387
High-performance,High-performance,,,High-latency,x25519_mlkem512,120.843,121.9346,0.0301,Adaptive,38,187,x25519_mlkem512,True,1432.516,260.217,54.39,3176,1121,2055
High-performance,High-performance,,,High-latency,,,,,Static-512,33,188,x25519_mlkem512,True,379.999,259.962,41.034,3176,1121,2055
High-performance,High-performance,,,High-latency,,,,,Static-768,21,189,X25519MLKEM768,True,383.744,263.392,55.151,3892,1505,2387
High-performance,High-performance,,,High-latency,,,,,Static-768,8,190,X25519MLKEM768,True,388.743,262.836,40.023,3892,1505,2387
High-performance,High-performance,,,High-latency,x25519_mlkem512,121.196,122.0165,0.027,Adaptive,36,191,x25519_mlkem512,True,379.446,414.493,39.418,3176,1121,2055
High-performance,High-performance,,,High-latency,,,,,Static-512,43,192,x25519_mlkem512,True,381.375,261.112,41.253,3176,1121,2055
High-performance,High-performance,,,High-latency,,,,,Static-512,49,193,x25519_mlkem512,True,379.91,259.953,40.978,3176,1121,2055
High-performance,High-performance,,,High-latency,,,,,Static-1024,38,194,SecP384r1MLKEM1024,True,383.308,276.158,70.687,4886,1954,2932
High-performance,High-performance,,,High-latency,x25519_mlkem512,121.239,122.0901,0.0285,Adaptive,44,195,x25519_mlkem512,True,748.254,628.747,46.983,3176,1121,2055
High-performance,High-performance,,,High-latency,,,,,Static-512,31,196,x25519_mlkem512,True,381.992,259.483,38.333,3176,1121,2055
High-performance,High-performance,,,High-latency,,,,,Static-1024,7,197,SecP384r1MLKEM1024,True,391.914,277.931,48.106,4886,1954,2932
High-performance,High-performance,,,High-latency,,,,,Static-768,42,198,X25519MLKEM768,True,639.128,263.201,44.499,3892,1505,2387
High-performance,High-performance,,,High-latency,,,,,Static-512,27,199,x25519_mlkem512,True,379.432,259.689,41.371,3176,1121,2055
Mid-range,Mid-range,25.0,128.0,Low-latency,SecP384r1MLKEM1024,21.027,22.146,0.029,Adaptive,13,0,X25519MLKEM768,True,64.34,44.953,39.683,3892,1505,2387
Mid-range,Mid-range,25.0,128.0,Low-latency,,,,,Static-512,26,1,x25519_mlkem512,True,64.605,44.971,35.701,3176,1121,2055
Mid-range,Mid-range,25.0,128.0,Low-latency,,,,,Static-1024,34,2,SecP384r1MLKEM1024,True,58.676,58.401,43.46,4886,1954,2932
Mid-range,Mid-range,25.0,128.0,Low-latency,,,,,Static-768,22,3,X25519MLKEM768,True,63.458,44.56,35.141,3892,1505,2387
Mid-range,Mid-range,25.0,128.0,Low-latency,,,,,Static-1024,46,4,SecP384r1MLKEM1024,True,57.781,57.518,47.319,4886,1954,2932
Mid-range,Mid-range,25.0,128.0,Low-latency,,,,,Static-768,46,5,X25519MLKEM768,True,62.742,44.654,38.543,3892,1505,2387
Mid-range,Mid-range,25.0,128.0,Low-latency,,,,,Static-768,11,6,X25519MLKEM768,True,63.779,44.685,38.766,3892,1505,2387
Mid-range,Mid-range,25.0,128.0,Low-latency,,,,,Static-512,45,7,x25519_mlkem512,True,64.511,45.399,36.387,3176,1121,2055
Mid-range,Mid-range,25.0,128.0,Low-latency,,,,,Static-1024,47,8,SecP384r1MLKEM1024,True,60.092,59.584,44.256,4886,1954,2932
Mid-range,Mid-range,25.0,128.0,Low-latency,SecP384r1MLKEM1024,21.289,21.8606,0.0258,Adaptive,43,9,X25519MLKEM768,True,65.093,45.362,33.248,3892,1505,2387
Mid-range,Mid-range,25.0,128.0,Low-latency,,,,,Static-768,18,10,X25519MLKEM768,True,63.781,44.566,36.505,3892,1505,2387
Mid-range,Mid-range,25.0,128.0,Low-latency,,,,,Static-1024,1,11,SecP384r1MLKEM1024,True,59.102,58.372,42.161,4886,1954,2932
Mid-range,Mid-range,25.0,128.0,Low-latency,SecP384r1MLKEM1024,20.801,21.3497,0.0253,Adaptive,19,12,X25519MLKEM768,True,58.598,44.971,35.959,3892,1505,2387
Mid-range,Mid-range,25.0,128.0,Low-latency,,,,,Static-1024,16,13,SecP384r1MLKEM1024,True,53.251,53.301,41.749,4886,1954,2932
Mid-range,Mid-range,25.0,128.0,Low-latency,,,,,Static-512,38,14,x25519_mlkem512,True,64.493,45.209,36.626,3176,1121,2055
Mid-range,Mid-range,25.0,128.0,Low-latency,,,,,Static-1024,10,15,SecP384r1MLKEM1024,True,60.713,60.343,43.627,4886,1954,2932
Mid-range,Mid-range,25.0,128.0,Low-latency,,,,,Static-512,50,16,x25519_mlkem512,True,63.501,44.883,34.557,3176,1121,2055
Mid-range,Mid-range,25.0,128.0,Low-latency,,,,,Static-1024,50,17,SecP384r1MLKEM1024,True,59.418,59.31,44.431,4886,1954,2932
Mid-range,Mid-range,25.0,128.0,Low-latency,SecP384r1MLKEM1024,20.99,21.6108,0.0199,Adaptive,31,18,X25519MLKEM768,True,64.723,45.495,39.19,3892,1505,2387
Mid-range,Mid-range,25.0,128.0,Low-latency,SecP384r1MLKEM1024,20.449,21.2088,0.026,Adaptive,48,19,X25519MLKEM768,True,63.55,44.363,34.553,3892,1505,2387
Mid-range,Mid-range,25.0,128.0,Low-latency,,,,,Static-768,1,20,X25519MLKEM768,True,63.555,45.192,37.863,3892,1505,2387
Mid-range,Mid-range,25.0,128.0,Low-latency,,,,,Static-768,34,21,X25519MLKEM768,True,64.462,44.906,35.812,3892,1505,2387
Mid-range,Mid-range,25.0,128.0,Low-latency,,,,,Static-1024,18,22,SecP384r1MLKEM1024,True,59.908,59.812,44.944,4886,1954,2932
Mid-range,Mid-range,25.0,128.0,Low-latency,SecP384r1MLKEM1024,22.156,23.1278,0.0261,Adaptive,6,23,X25519MLKEM768,True,64.202,44.826,38.134,3892,1505,2387
Mid-range,Mid-range,25.0,128.0,Low-latency,SecP384r1MLKEM1024,21.211,22.0621,0.0209,Adaptive,2,24,X25519MLKEM768,True,57.238,45.057,39.658,3892,1505,2387
Mid-range,Mid-range,25.0,128.0,Low-latency,SecP384r1MLKEM1024,20.906,21.8377,0.03,Adaptive,28,25,X25519MLKEM768,True,64.114,45.034,37.645,3892,1505,2387
Mid-range,Mid-range,25.0,128.0,Low-latency,,,,,Static-512,10,26,x25519_mlkem512,True,64.607,45.263,36.035,3176,1121,2055
Mid-range,Mid-range,25.0,128.0,Low-latency,SecP384r1MLKEM1024,21.02,21.5036,0.0257,Adaptive,39,27,X25519MLKEM768,True,65.102,45.258,36.447,3892,1505,2387
Mid-range,Mid-range,25.0,128.0,Low-latency,,,,,Static-768,3,28,X25519MLKEM768,True,63.197,43.955,33.304,3892,1505,2387
Mid-range,Mid-range,25.0,128.0,Low-latency,,,,,Static-768,5,29,X25519MLKEM768,True,64.483,44.96,33.35,3892,1505,2387
Mid-range,Mid-range,25.0,128.0,Low-latency,,,,,Static-512,7,30,x25519_mlkem512,True,64.716,44.985,35.127,3176,1121,2055
Mid-range,Mid-range,25.0,128.0,Low-latency,,,,,Static-1024,12,31,SecP384r1MLKEM1024,True,68.477,67.2,43.495,4886,1954,2932
Mid-range,Mid-range,25.0,128.0,Low-latency,SecP384r1MLKEM1024,20.928,21.563,0.0274,Adaptive,49,32,X25519MLKEM768,True,63.733,44.705,34.238,3892,1505,2387
Mid-range,Mid-range,25.0,128.0,Low-latency,,,,,Static-768,50,33,X25519MLKEM768,True,65.149,45.474,37.042,3892,1505,2387
Mid-range,Mid-range,25.0,128.0,Low-latency,,,,,Static-512,36,34,x25519_mlkem512,True,64.361,44.986,34.33,3176,1121,2055
Mid-range,Mid-range,25.0,128.0,Low-latency,,,,,Static-1024,29,35,SecP384r1MLKEM1024,True,60.061,58.517,45.716,4886,1954,2932
Mid-range,Mid-range,25.0,128.0,Low-latency,,,,,Static-512,22,36,x25519_mlkem512,True,65.024,45.133,36.157,3176,1121,2055
Mid-range,Mid-range,25.0,128.0,Low-latency,,,,,Static-1024,27,37,SecP384r1MLKEM1024,True,59.084,59.044,43.196,4886,1954,2932
Mid-range,Mid-range,25.0,128.0,Low-latency,,,,,Static-512,6,38,x25519_mlkem512,True,55.152,44.18,32.621,3176,1121,2055
Mid-range,Mid-range,25.0,128.0,Low-latency,,,,,Static-768,39,39,X25519MLKEM768,True,64.247,45.11,34.502,3892,1505,2387
Mid-range,Mid-range,25.0,128.0,Low-latency,,,,,Static-768,36,40,X25519MLKEM768,True,64.263,45.029,34.173,3892,1505,2387
Mid-range,Mid-range,25.0,128.0,Low-latency,,,,,Static-1024,23,41,SecP384r1MLKEM1024,True,55.286,53.78,43.537,4886,1954,2932
Mid-range,Mid-range,25.0,128.0,Low-latency,,,,,Static-768,12,42,X25519MLKEM768,True,63.71,44.413,35.387,3892,1505,2387
Mid-range,Mid-range,25.0,128.0,Low-latency,,,,,Static-1024,24,43,SecP384r1MLKEM1024,True,59.14,58.594,43.891,4886,1954,2932
Mid-range,Mid-range,25.0,128.0,Low-latency,,,,,Static-512,35,44,x25519_mlkem512,True,63.917,44.683,34.819,3176,1121,2055
Mid-range,Mid-range,25.0,128.0,Low-latency,SecP384r1MLKEM1024,20.755,21.3279,0.0264,Adaptive,21,45,X25519MLKEM768,True,63.904,44.707,34.98,3892,1505,2387
Mid-range,Mid-range,25.0,128.0,Low-latency,,,,,Static-768,2,46,X25519MLKEM768,True,64.21,44.823,36.603,3892,1505,2387
Mid-range,Mid-range,25.0,128.0,Low-latency,SecP384r1MLKEM1024,21.314,21.9772,0.0289,Adaptive,7,47,X25519MLKEM768,True,63.246,44.902,38.809,3892,1505,2387
Mid-range,Mid-range,25.0,128.0,Low-latency,,,,,Static-768,37,48,X25519MLKEM768,True,64.634,44.7,35.551,3892,1505,2387
Mid-range,Mid-range,25.0,128.0,Low-latency,,,,,Static-512,1,49,x25519_mlkem512,True,64.904,45.62,34.801,3176,1121,2055
Mid-range,Mid-range,25.0,128.0,Low-latency,,,,,Static-768,31,50,X25519MLKEM768,True,63.542,44.399,35.029,3892,1505,2387
Mid-range,Mid-range,25.0,128.0,Low-latency,,,,,Static-1024,28,51,SecP384r1MLKEM1024,True,54.108,54.258,44.564,4886,1954,2932
Mid-range,Mid-range,25.0,128.0,Low-latency,,,,,Static-512,14,52,x25519_mlkem512,True,68.023,48.62,35.121,3176,1121,2055
Mid-range,Mid-range,25.0,128.0,Low-latency,,,,,Static-1024,22,53,SecP384r1MLKEM1024,True,57.485,53.551,43.711,4886,1954,2932
Mid-range,Mid-range,25.0,128.0,Low-latency,,,,,Static-512,34,54,x25519_mlkem512,True,65.354,45.472,35.529,3176,1121,2055
Mid-range,Mid-range,25.0,128.0,Low-latency,,,,,Static-1024,15,55,SecP384r1MLKEM1024,True,50.011,56.844,42.679,4886,1954,2932
Mid-range,Mid-range,25.0,128.0,Low-latency,SecP384r1MLKEM1024,21.086,21.7413,0.0291,Adaptive,25,56,X25519MLKEM768,True,67.334,45.113,35.529,3892,1505,2387
Mid-range,Mid-range,25.0,128.0,Low-latency,,,,,Static-768,35,57,X25519MLKEM768,True,63.677,44.968,35.462,3892,1505,2387
Mid-range,Mid-range,25.0,128.0,Low-latency,,,,,Static-768,27,58,X25519MLKEM768,True,65.007,45.126,33.833,3892,1505,2387
Mid-range,Mid-range,25.0,128.0,Low-latency,,,,,Static-512,29,59,x25519_mlkem512,True,63.015,44.305,36.024,3176,1121,2055
Mid-range,Mid-range,25.0,128.0,Low-latency,SecP384r1MLKEM1024,20.33,20.9881,0.0345,Adaptive,18,60,X25519MLKEM768,True,64.636,45.546,37.378,3892,1505,2387
Mid-range,Mid-range,25.0,128.0,Low-latency,SecP384r1MLKEM1024,20.904,21.5959,0.0261,Adaptive,10,61,X25519MLKEM768,True,63.824,44.433,71.25,3892,1505,2387
Mid-range,Mid-range,25.0,128.0,Low-latency,,,,,Static-768,7,62,X25519MLKEM768,True,63.351,44.212,34.928,3892,1505,2387
Mid-range,Mid-range,25.0,128.0,Low-latency,,,,,Static-1024,44,63,SecP384r1MLKEM1024,True,58.987,58.894,42.923,4886,1954,2932
Mid-range,Mid-range,25.0,128.0,Low-latency,,,,,Static-1024,13,64,SecP384r1MLKEM1024,True,58.081,56.403,44.435,4886,1954,2932
Mid-range,Mid-range,25.0,128.0,Low-latency,,,,,Static-1024,2,65,SecP384r1MLKEM1024,True,58.816,56.494,41.159,4886,1954,2932
Mid-range,Mid-range,25.0,128.0,Low-latency,,,,,Static-512,20,66,x25519_mlkem512,True,64.058,45.244,35.469,3176,1121,2055
Mid-range,Mid-range,25.0,128.0,Low-latency,SecP384r1MLKEM1024,20.762,21.7638,0.0295,Adaptive,8,67,X25519MLKEM768,True,64.186,44.946,34.637,3892,1505,2387
Mid-range,Mid-range,25.0,128.0,Low-latency,,,,,Static-512,30,68,x25519_mlkem512,True,63.535,44.089,37.054,3176,1121,2055
Mid-range,Mid-range,25.0,128.0,Low-latency,,,,,Static-1024,35,69,SecP384r1MLKEM1024,True,53.848,54.045,48.39,4886,1954,2932
Mid-range,Mid-range,25.0,128.0,Low-latency,,,,,Static-768,16,70,X25519MLKEM768,True,65.273,45.451,34.354,3892,1505,2387
Mid-range,Mid-range,25.0,128.0,Low-latency,SecP384r1MLKEM1024,21.044,21.6841,0.0288,Adaptive,1,71,X25519MLKEM768,True,64.064,44.711,37.073,3892,1505,2387
Mid-range,Mid-range,25.0,128.0,Low-latency,SecP384r1MLKEM1024,20.364,21.013,0.0243,Adaptive,41,72,X25519MLKEM768,True,64.404,45.013,38.812,3892,1505,2387
Mid-range,Mid-range,25.0,128.0,Low-latency,,,,,Static-512,41,73,x25519_mlkem512,True,65.07,45.491,41.622,3176,1121,2055
Mid-range,Mid-range,25.0,128.0,Low-latency,,,,,Static-512,47,74,x25519_mlkem512,True,64.4,45.98,35.492,3176,1121,2055
Mid-range,Mid-range,25.0,128.0,Low-latency,,,,,Static-1024,20,75,SecP384r1MLKEM1024,True,59.343,59.115,45.676,4886,1954,2932
Mid-range,Mid-range,25.0,128.0,Low-latency,,,,,Static-1024,39,76,SecP384r1MLKEM1024,True,59.998,59.87,43.726,4886,1954,2932
Mid-range,Mid-range,25.0,128.0,Low-latency,SecP384r1MLKEM1024,20.887,21.4091,0.0258,Adaptive,42,77,X25519MLKEM768,True,64.068,44.669,36.88,3892,1505,2387
Mid-range,Mid-range,25.0,128.0,Low-latency,,,,,Static-512,32,78,x25519_mlkem512,True,63.784,44.642,34.264,3176,1121,2055
Mid-range,Mid-range,25.0,128.0,Low-latency,SecP384r1MLKEM1024,20.778,21.8911,0.0261,Adaptive,3,79,X25519MLKEM768,True,77.885,58.5,37.282,3892,1505,2387
Mid-range,Mid-range,25.0,128.0,Low-latency,,,,,Static-1024,42,80,SecP384r1MLKEM1024,True,59.305,58.576,41.217,4886,1954,2932
Mid-range,Mid-range,25.0,128.0,Low-latency,SecP384r1MLKEM1024,20.887,21.4396,0.0262,Adaptive,5,81,X25519MLKEM768,True,57.044,44.553,34.601,3892,1505,2387
Mid-range,Mid-range,25.0,128.0,Low-latency,,,,,Static-768,48,82,X25519MLKEM768,True,63.272,44.177,35.861,3892,1505,2387
Mid-range,Mid-range,25.0,128.0,Low-latency,SecP384r1MLKEM1024,20.752,21.7251,0.0279,Adaptive,50,83,X25519MLKEM768,True,64.126,44.639,34.747,3892,1505,2387
Mid-range,Mid-range,25.0,128.0,Low-latency,,,,,Static-512,21,84,x25519_mlkem512,True,64.307,45.083,35.367,3176,1121,2055
Mid-range,Mid-range,25.0,128.0,Low-latency,SecP384r1MLKEM1024,21.052,21.6401,0.0263,Adaptive,27,85,X25519MLKEM768,True,64.295,45.019,35.609,3892,1505,2387
Mid-range,Mid-range,25.0,128.0,Low-latency,,,,,Static-1024,32,86,SecP384r1MLKEM1024,True,58.689,57.384,45.924,4886,1954,2932
Mid-range,Mid-range,25.0,128.0,Low-latency,,,,,Static-1024,25,87,SecP384r1MLKEM1024,True,53.335,53.309,44.574,4886,1954,2932
Mid-range,Mid-range,25.0,128.0,Low-latency,,,,,Static-768,26,88,X25519MLKEM768,True,63.524,44.234,32.582,3892,1505,2387
Mid-range,Mid-range,25.0,128.0,Low-latency,,,,,Static-768,20,89,X25519MLKEM768,True,64.826,45.518,37.721,3892,1505,2387
Mid-range,Mid-range,25.0,128.0,Low-latency,SecP384r1MLKEM1024,20.997,22.5472,0.0493,Adaptive,30,90,X25519MLKEM768,True,64.581,44.897,36.398,3892,1505,2387
Mid-range,Mid-range,25.0,128.0,Low-latency,,,,,Static-512,8,91,x25519_mlkem512,True,63.867,44.528,33.768,3176,1121,2055
Mid-range,Mid-range,25.0,128.0,Low-latency,,,,,Static-768,24,92,X25519MLKEM768,True,63.87,44.534,34.294,3892,1505,2387
Mid-range,Mid-range,25.0,128.0,Low-latency,,,,,Static-768,43,93,X25519MLKEM768,True,63.701,44.055,32.673,3892,1505,2387
Mid-range,Mid-range,25.0,128.0,Low-latency,,,,,Static-512,4,94,x25519_mlkem512,True,64.028,44.802,34.051,3176,1121,2055
Mid-range,Mid-range,25.0,128.0,Low-latency,,,,,Static-512,5,95,x25519_mlkem512,True,64.137,44.738,35.241,3176,1121,2055
Mid-range,Mid-range,25.0,128.0,Low-latency,SecP384r1MLKEM1024,21.384,22.0599,0.0288,Adaptive,33,96,X25519MLKEM768,True,63.503,44.132,33.943,3892,1505,2387
Mid-range,Mid-range,25.0,128.0,Low-latency,,,,,Static-1024,43,97,SecP384r1MLKEM1024,True,57.499,57.376,44.469,4886,1954,2932
Mid-range,Mid-range,25.0,128.0,Low-latency,,,,,Static-512,16,98,x25519_mlkem512,True,64.332,44.904,34.711,3176,1121,2055
Mid-range,Mid-range,25.0,128.0,Low-latency,,,,,Static-1024,26,99,SecP384r1MLKEM1024,True,60.03,58.796,44.91,4886,1954,2932
Mid-range,Mid-range,25.0,128.0,Low-latency,SecP384r1MLKEM1024,20.552,21.3054,0.0286,Adaptive,37,100,X25519MLKEM768,True,63.715,44.158,34.416,3892,1505,2387
Mid-range,Mid-range,25.0,128.0,Low-latency,,,,,Static-768,15,101,X25519MLKEM768,True,65.51,46.229,35.043,3892,1505,2387
Mid-range,Mid-range,25.0,128.0,Low-latency,,,,,Static-512,15,102,x25519_mlkem512,True,64.058,44.753,35.452,3176,1121,2055
Mid-range,Mid-range,25.0,128.0,Low-latency,,,,,Static-768,49,103,X25519MLKEM768,True,64.976,45.334,36.739,3892,1505,2387
Mid-range,Mid-range,25.0,128.0,Low-latency,,,,,Static-512,9,104,x25519_mlkem512,True,63.751,45.0,34.98,3176,1121,2055
Mid-range,Mid-range,25.0,128.0,Low-latency,,,,,Static-768,19,105,X25519MLKEM768,True,63.806,44.317,33.019,3892,1505,2387
Mid-range,Mid-range,25.0,128.0,Low-latency,SecP384r1MLKEM1024,21.168,21.7749,0.0256,Adaptive,26,106,X25519MLKEM768,True,64.38,45.168,37.252,3892,1505,2387
Mid-range,Mid-range,25.0,128.0,Low-latency,,,,,Static-512,46,107,x25519_mlkem512,True,63.404,43.984,35.872,3176,1121,2055
Mid-range,Mid-range,25.0,128.0,Low-latency,SecP384r1MLKEM1024,20.932,21.6081,0.0299,Adaptive,23,108,X25519MLKEM768,True,66.24,44.287,35.43,3892,1505,2387
Mid-range,Mid-range,25.0,128.0,Low-latency,SecP384r1MLKEM1024,20.855,21.4185,0.0276,Adaptive,40,109,X25519MLKEM768,True,64.11,44.356,36.84,3892,1505,2387
Mid-range,Mid-range,25.0,128.0,Low-latency,,,,,Static-768,14,110,X25519MLKEM768,True,63.983,44.285,33.529,3892,1505,2387
Mid-range,Mid-range,25.0,128.0,Low-latency,,,,,Static-1024,40,111,SecP384r1MLKEM1024,True,59.066,58.227,45.15,4886,1954,2932
Mid-range,Mid-range,25.0,128.0,Low-latency,,,,,Static-1024,41,112,SecP384r1MLKEM1024,True,57.873,56.183,45.684,4886,1954,2932
Mid-range,Mid-range,25.0,128.0,Low-latency,,,,,Static-1024,4,113,SecP384r1MLKEM1024,True,59.028,58.108,45.504,4886,1954,2932
Mid-range,Mid-range,25.0,128.0,Low-latency,SecP384r1MLKEM1024,20.943,21.6173,0.0268,Adaptive,24,114,X25519MLKEM768,True,64.982,45.79,37.018,3892,1505,2387
Mid-range,Mid-range,25.0,128.0,Low-latency,SecP384r1MLKEM1024,21.021,21.6083,0.0263,Adaptive,20,115,X25519MLKEM768,True,64.655,45.173,40.841,3892,1505,2387
Mid-range,Mid-range,25.0,128.0,Low-latency,,,,,Static-1024,9,116,SecP384r1MLKEM1024,True,58.661,52.88,48.261,4886,1954,2932
Mid-range,Mid-range,25.0,128.0,Low-latency,,,,,Static-1024,6,117,SecP384r1MLKEM1024,True,59.353,58.86,46.058,4886,1954,2932
Mid-range,Mid-range,25.0,128.0,Low-latency,,,,,Static-768,33,118,X25519MLKEM768,True,65.013,45.588,35.173,3892,1505,2387
Mid-range,Mid-range,25.0,128.0,Low-latency,,,,,Static-1024,14,119,SecP384r1MLKEM1024,True,59.478,58.7,44.448,4886,1954,2932
Mid-range,Mid-range,25.0,128.0,Low-latency,,,,,Static-1024,30,120,SecP384r1MLKEM1024,True,58.772,58.609,43.513,4886,1954,2932
Mid-range,Mid-range,25.0,128.0,Low-latency,,,,,Static-512,28,121,x25519_mlkem512,True,63.953,44.815,37.383,3176,1121,2055
Mid-range,Mid-range,25.0,128.0,Low-latency,,,,,Static-512,3,122,x25519_mlkem512,True,63.544,44.333,35.449,3176,1121,2055
Mid-range,Mid-range,25.0,128.0,Low-latency,,,,,Static-768,4,123,X25519MLKEM768,True,64.356,44.892,36.348,3892,1505,2387
Mid-range,Mid-range,25.0,128.0,Low-latency,,,,,Static-512,48,124,x25519_mlkem512,True,63.419,44.206,35.949,3176,1121,2055
Mid-range,Mid-range,25.0,128.0,Low-latency,,,,,Static-768,25,125,X25519MLKEM768,True,63.904,44.531,33.737,3892,1505,2387
Mid-range,Mid-range,25.0,128.0,Low-latency,,,,,Static-1024,8,126,SecP384r1MLKEM1024,True,58.625,58.494,43.831,4886,1954,2932
Mid-range,Mid-range,25.0,128.0,Low-latency,,,,,Static-512,37,127,x25519_mlkem512,True,63.521,44.164,36.223,3176,1121,2055
Mid-range,Mid-range,25.0,128.0,Low-latency,,,,,Static-512,12,128,x25519_mlkem512,True,63.963,44.723,36.42,3176,1121,2055
Mid-range,Mid-range,25.0,128.0,Low-latency,,,,,Static-512,13,129,x25519_mlkem512,True,66.487,47.107,35.131,3176,1121,2055
Mid-range,Mid-range,25.0,128.0,Low-latency,,,,,Static-1024,5,130,SecP384r1MLKEM1024,True,60.546,60.184,47.091,4886,1954,2932
Mid-range,Mid-range,25.0,128.0,Low-latency,SecP384r1MLKEM1024,20.641,21.2868,0.0236,Adaptive,34,131,X25519MLKEM768,True,63.292,44.133,33.449,3892,1505,2387
Mid-range,Mid-range,25.0,128.0,Low-latency,,,,,Static-768,9,132,X25519MLKEM768,True,65.089,46.536,36.247,3892,1505,2387
Mid-range,Mid-range,25.0,128.0,Low-latency,,,,,Static-1024,19,133,SecP384r1MLKEM1024,True,54.038,54.026,44.418,4886,1954,2932
Mid-range,Mid-range,25.0,128.0,Low-latency,SecP384r1MLKEM1024,21.05,21.6044,0.0269,Adaptive,46,134,X25519MLKEM768,True,64.124,44.857,36.592,3892,1505,2387
Mid-range,Mid-range,25.0,128.0,Low-latency,,,,,Static-768,40,135,X25519MLKEM768,True,64.481,45.398,34.995,3892,1505,2387
Mid-range,Mid-range,25.0,128.0,Low-latency,,,,,Static-768,6,136,X25519MLKEM768,True,64.291,45.123,35.422,3892,1505,2387
Mid-range,Mid-range,25.0,128.0,Low-latency,,,,,Static-512,18,137,x25519_mlkem512,True,63.831,45.213,38.944,3176,1121,2055
Mid-range,Mid-range,25.0,128.0,Low-latency,,,,,Static-1024,31,138,SecP384r1MLKEM1024,True,58.709,57.995,42.2,4886,1954,2932
Mid-range,Mid-range,25.0,128.0,Low-latency,SecP384r1MLKEM1024,21.32,21.8455,0.0277,Adaptive,14,139,X25519MLKEM768,True,62.51,44.044,34.81,3892,1505,2387
Mid-range,Mid-range,25.0,128.0,Low-latency,SecP384r1MLKEM1024,21.192,21.8784,0.0302,Adaptive,29,140,X25519MLKEM768,True,63.409,44.119,34.784,3892,1505,2387
Mid-range,Mid-range,25.0,128.0,Low-latency,,,,,Static-512,11,141,x25519_mlkem512,True,63.962,44.799,35.36,3176,1121,2055
Mid-range,Mid-range,25.0,128.0,Low-latency,,,,,Static-1024,11,142,SecP384r1MLKEM1024,True,58.967,58.856,47.724,4886,1954,2932
Mid-range,Mid-range,25.0,128.0,Low-latency,,,,,Static-512,44,143,x25519_mlkem512,True,64.225,45.283,37.279,3176,1121,2055
Mid-range,Mid-range,25.0,128.0,Low-latency,SecP384r1MLKEM1024,20.915,21.5134,0.0269,Adaptive,17,144,X25519MLKEM768,True,63.892,45.602,35.764,3892,1505,2387
Mid-range,Mid-range,25.0,128.0,Low-latency,,,,,Static-1024,37,145,SecP384r1MLKEM1024,True,59.795,59.81,46.164,4886,1954,2932
Mid-range,Mid-range,25.0,128.0,Low-latency,,,,,Static-768,41,146,X25519MLKEM768,True,64.885,44.439,34.741,3892,1505,2387
Mid-range,Mid-range,25.0,128.0,Low-latency,,,,,Static-1024,33,147,SecP384r1MLKEM1024,True,60.859,60.178,44.338,4886,1954,2932
Mid-range,Mid-range,25.0,128.0,Low-latency,,,,,Static-512,23,148,x25519_mlkem512,True,64.713,44.982,36.654,3176,1121,2055
Mid-range,Mid-range,25.0,128.0,Low-latency,SecP384r1MLKEM1024,21.036,21.7478,0.0267,Adaptive,15,149,X25519MLKEM768,True,63.397,44.101,34.934,3892,1505,2387
Mid-range,Mid-range,25.0,128.0,Low-latency,,,,,Static-768,32,150,X25519MLKEM768,True,63.383,43.987,33.055,3892,1505,2387
Mid-range,Mid-range,25.0,128.0,Low-latency,,,,,Static-1024,3,151,SecP384r1MLKEM1024,True,59.284,58.739,46.141,4886,1954,2932
Mid-range,Mid-range,25.0,128.0,Low-latency,,,,,Static-768,44,152,X25519MLKEM768,True,63.907,44.659,35.665,3892,1505,2387
Mid-range,Mid-range,25.0,128.0,Low-latency,SecP384r1MLKEM1024,20.913,21.6367,0.0295,Adaptive,35,153,X25519MLKEM768,True,64.845,45.092,35.357,3892,1505,2387
Mid-range,Mid-range,25.0,128.0,Low-latency,,,,,Static-1024,49,154,SecP384r1MLKEM1024,True,59.35,59.093,43.527,4886,1954,2932
Mid-range,Mid-range,25.0,128.0,Low-latency,,,,,Static-1024,17,155,SecP384r1MLKEM1024,True,58.988,58.128,43.936,4886,1954,2932
Mid-range,Mid-range,25.0,128.0,Low-latency,,,,,Static-768,47,156,X25519MLKEM768,True,64.814,45.772,35.236,3892,1505,2387
Mid-range,Mid-range,25.0,128.0,Low-latency,SecP384r1MLKEM1024,20.976,21.5279,0.0266,Adaptive,16,157,X25519MLKEM768,True,63.62,44.505,34.196,3892,1505,2387
Mid-range,Mid-range,25.0,128.0,Low-latency,,,,,Static-768,30,158,X25519MLKEM768,True,65.495,45.546,36.987,3892,1505,2387
Mid-range,Mid-range,25.0,128.0,Low-latency,,,,,Static-1024,36,159,SecP384r1MLKEM1024,True,59.883,59.778,44.642,4886,1954,2932
Mid-range,Mid-range,25.0,128.0,Low-latency,,,,,Static-512,24,160,x25519_mlkem512,True,63.653,44.289,33.953,3176,1121,2055
Mid-range,Mid-range,25.0,128.0,Low-latency,,,,,Static-768,13,161,X25519MLKEM768,True,64.437,45.054,35.696,3892,1505,2387
Mid-range,Mid-range,25.0,128.0,Low-latency,SecP384r1MLKEM1024,20.653,21.349,0.0252,Adaptive,4,162,X25519MLKEM768,True,64.776,45.254,36.944,3892,1505,2387
Mid-range,Mid-range,25.0,128.0,Low-latency,,,,,Static-768,29,163,X25519MLKEM768,True,64.21,45.092,34.687,3892,1505,2387
Mid-range,Mid-range,25.0,128.0,Low-latency,SecP384r1MLKEM1024,20.917,21.5114,0.0287,Adaptive,9,164,X25519MLKEM768,True,64.229,44.914,36.212,3892,1505,2387
Mid-range,Mid-range,25.0,128.0,Low-latency,,,,,Static-1024,48,165,SecP384r1MLKEM1024,True,60.15,60.055,47.297,4886,1954,2932
Mid-range,Mid-range,25.0,128.0,Low-latency,SecP384r1MLKEM1024,21.464,22.032,0.0259,Adaptive,32,166,X25519MLKEM768,True,64.274,44.956,36.821,3892,1505,2387
Mid-range,Mid-range,25.0,128.0,Low-latency,,,,,Static-768,38,167,X25519MLKEM768,True,64.73,45.427,37.25,3892,1505,2387
Mid-range,Mid-range,25.0,128.0,Low-latency,,,,,Static-768,10,168,X25519MLKEM768,True,63.974,44.881,36.965,3892,1505,2387
Mid-range,Mid-range,25.0,128.0,Low-latency,SecP384r1MLKEM1024,20.876,21.4618,0.0262,Adaptive,45,169,X25519MLKEM768,True,63.654,44.463,34.983,3892,1505,2387
Mid-range,Mid-range,25.0,128.0,Low-latency,,,,,Static-768,23,170,X25519MLKEM768,True,64.285,45.252,35.818,3892,1505,2387
Mid-range,Mid-range,25.0,128.0,Low-latency,,,,,Static-512,40,171,x25519_mlkem512,True,64.75,45.255,37.11,3176,1121,2055
Mid-range,Mid-range,25.0,128.0,Low-latency,SecP384r1MLKEM1024,21.037,21.6888,0.0281,Adaptive,22,172,X25519MLKEM768,True,65.331,45.693,35.229,3892,1505,2387
Mid-range,Mid-range,25.0,128.0,Low-latency,,,,,Static-512,17,173,x25519_mlkem512,True,64.273,44.988,36.283,3176,1121,2055
Mid-range,Mid-range,25.0,128.0,Low-latency,,,,,Static-512,42,174,x25519_mlkem512,True,63.83,44.808,36.648,3176,1121,2055
Mid-range,Mid-range,25.0,128.0,Low-latency,,,,,Static-512,19,175,x25519_mlkem512,True,63.631,44.309,34.611,3176,1121,2055
Mid-range,Mid-range,25.0,128.0,Low-latency,SecP384r1MLKEM1024,20.962,21.6305,0.0264,Adaptive,11,176,X25519MLKEM768,True,63.469,44.534,42.168,3892,1505,2387
Mid-range,Mid-range,25.0,128.0,Low-latency,SecP384r1MLKEM1024,20.666,21.2467,0.0269,Adaptive,12,177,X25519MLKEM768,True,63.884,44.848,36.347,3892,1505,2387
Mid-range,Mid-range,25.0,128.0,Low-latency,,,,,Static-1024,21,178,SecP384r1MLKEM1024,True,59.229,57.791,40.997,4886,1954,2932
Mid-range,Mid-range,25.0,128.0,Low-latency,SecP384r1MLKEM1024,20.935,21.5711,0.0268,Adaptive,47,179,X25519MLKEM768,True,67.878,45.032,39.573,3892,1505,2387
Mid-range,Mid-range,25.0,128.0,Low-latency,,,,,Static-768,17,180,X25519MLKEM768,True,69.045,49.859,37.155,3892,1505,2387
Mid-range,Mid-range,25.0,128.0,Low-latency,,,,,Static-512,2,181,x25519_mlkem512,True,64.275,44.713,35.547,3176,1121,2055
Mid-range,Mid-range,25.0,128.0,Low-latency,,,,,Static-512,39,182,x25519_mlkem512,True,64.092,44.832,38.8,3176,1121,2055
Mid-range,Mid-range,25.0,128.0,Low-latency,,,,,Static-1024,45,183,SecP384r1MLKEM1024,True,60.09,59.316,42.79,4886,1954,2932
Mid-range,Mid-range,25.0,128.0,Low-latency,,,,,Static-768,28,184,X25519MLKEM768,True,64.999,45.84,35.473,3892,1505,2387
Mid-range,Mid-range,25.0,128.0,Low-latency,,,,,Static-512,25,185,x25519_mlkem512,True,64.023,44.785,35.369,3176,1121,2055
Mid-range,Mid-range,25.0,128.0,Low-latency,,,,,Static-768,45,186,X25519MLKEM768,True,65.004,45.63,38.442,3892,1505,2387
Mid-range,Mid-range,25.0,128.0,Low-latency,SecP384r1MLKEM1024,21.378,22.1577,0.026,Adaptive,38,187,X25519MLKEM768,True,63.692,44.338,36.344,3892,1505,2387
Mid-range,Mid-range,25.0,128.0,Low-latency,,,,,Static-512,33,188,x25519_mlkem512,True,64.064,44.648,35.823,3176,1121,2055
Mid-range,Mid-range,25.0,128.0,Low-latency,,,,,Static-768,21,189,X25519MLKEM768,True,63.88,45.054,36.388,3892,1505,2387
Mid-range,Mid-range,25.0,128.0,Low-latency,,,,,Static-768,8,190,X25519MLKEM768,True,66.302,45.152,38.227,3892,1505,2387
Mid-range,Mid-range,25.0,128.0,Low-latency,SecP384r1MLKEM1024,20.884,21.4682,0.0248,Adaptive,36,191,X25519MLKEM768,True,65.187,45.404,35.255,3892,1505,2387
Mid-range,Mid-range,25.0,128.0,Low-latency,,,,,Static-512,43,192,x25519_mlkem512,True,65.044,45.8,37.502,3176,1121,2055
Mid-range,Mid-range,25.0,128.0,Low-latency,,,,,Static-512,49,193,x25519_mlkem512,True,64.519,44.865,33.637,3176,1121,2055
Mid-range,Mid-range,25.0,128.0,Low-latency,,,,,Static-1024,38,194,SecP384r1MLKEM1024,True,53.073,52.988,41.744,4886,1954,2932
Mid-range,Mid-range,25.0,128.0,Low-latency,SecP384r1MLKEM1024,20.939,21.5868,0.0277,Adaptive,44,195,X25519MLKEM768,True,64.145,45.048,35.217,3892,1505,2387
Mid-range,Mid-range,25.0,128.0,Low-latency,,,,,Static-512,31,196,x25519_mlkem512,True,64.505,45.373,39.082,3176,1121,2055
Mid-range,Mid-range,25.0,128.0,Low-latency,,,,,Static-1024,7,197,SecP384r1MLKEM1024,True,53.982,53.954,48.844,4886,1954,2932
Mid-range,Mid-range,25.0,128.0,Low-latency,,,,,Static-768,42,198,X25519MLKEM768,True,64.39,45.118,34.531,3892,1505,2387
Mid-range,Mid-range,25.0,128.0,Low-latency,,,,,Static-512,27,199,x25519_mlkem512,True,64.142,44.989,34.122,3176,1121,2055
Mid-range,Mid-range,25.0,128.0,Moderate,X25519MLKEM768,71.182,71.7862,0.0274,Adaptive,13,0,X25519MLKEM768,True,219.002,149.287,39.867,3892,1505,2387
Mid-range,Mid-range,25.0,128.0,Moderate,,,,,Static-512,26,1,x25519_mlkem512,True,185.768,149.063,66.963,3176,1121,2055
Mid-range,Mid-range,25.0,128.0,Moderate,,,,,Static-1024,34,2,SecP384r1MLKEM1024,True,209.951,171.545,68.961,4886,1954,2932
Mid-range,Mid-range,25.0,128.0,Moderate,,,,,Static-768,22,3,X25519MLKEM768,True,218.154,148.468,45.086,3892,1505,2387
Mid-range,Mid-range,25.0,128.0,Moderate,,,,,Static-1024,46,4,SecP384r1MLKEM1024,True,199.803,159.412,45.92,4886,1954,2932
Mid-range,Mid-range,25.0,128.0,Moderate,,,,,Static-768,46,5,X25519MLKEM768,True,218.763,148.352,37.593,3892,1505,2387
Mid-range,Mid-range,25.0,128.0,Moderate,,,,,Static-768,11,6,X25519MLKEM768,True,218.363,148.25,40.522,3892,1505,2387
Mid-range,Mid-range,25.0,128.0,Moderate,,,,,Static-512,45,7,x25519_mlkem512,True,217.115,147.794,37.583,3176,1121,2055
Mid-range,Mid-range,25.0,128.0,Moderate,,,,,Static-1024,47,8,SecP384r1MLKEM1024,True,232.287,159.74,50.967,4886,1954,2932
Mid-range,Mid-range,25.0,128.0,Moderate,X25519MLKEM768,70.759,71.3057,0.0288,Adaptive,43,9,X25519MLKEM768,True,217.35,147.789,39.494,3892,1505,2387
Mid-range,Mid-range,25.0,128.0,Moderate,,,,,Static-768,18,10,X25519MLKEM768,True,217.518,147.924,38.694,3892,1505,2387
Mid-range,Mid-range,25.0,128.0,Moderate,,,,,Static-1024,1,11,SecP384r1MLKEM1024,True,198.536,158.029,47.879,4886,1954,2932
Mid-range,Mid-range,25.0,128.0,Moderate,X25519MLKEM768,71.23,71.7879,0.0245,Adaptive,19,12,X25519MLKEM768,True,217.702,147.987,43.102,3892,1505,2387
Mid-range,Mid-range,25.0,128.0,Moderate,,,,,Static-1024,16,13,SecP384r1MLKEM1024,True,201.477,158.461,47.436,4886,1954,2932
Mid-range,Mid-range,25.0,128.0,Moderate,,,,,Static-512,38,14,x25519_mlkem512,True,217.298,148.447,40.295,3176,1121,2055
Mid-range,Mid-range,25.0,128.0,Moderate,,,,,Static-1024,10,15,SecP384r1MLKEM1024,True,201.569,158.671,46.875,4886,1954,2932
Mid-range,Mid-range,25.0,128.0,Moderate,,,,,Static-512,50,16,x25519_mlkem512,True,217.037,147.891,38.661,3176,1121,2055
Mid-range,Mid-range,25.0,128.0,Moderate,,,,,Static-1024,50,17,SecP384r1MLKEM1024,True,201.242,158.582,48.117,4886,1954,2932
Mid-range,Mid-range,25.0,128.0,Moderate,X25519MLKEM768,70.989,71.5847,0.0256,Adaptive,31,18,X25519MLKEM768,True,219.782,150.048,41.366,3892,1505,2387
Mid-range,Mid-range,25.0,128.0,Moderate,X25519MLKEM768,71.442,72.2431,0.0308,Adaptive,48,19,X25519MLKEM768,True,218.609,148.6,39.465,3892,1505,2387
Mid-range,Mid-range,25.0,128.0,Moderate,,,,,Static-768,1,20,X25519MLKEM768,True,218.398,149.307,43.627,3892,1505,2387
Mid-range,Mid-range,25.0,128.0,Moderate,,,,,Static-768,34,21,X25519MLKEM768,True,218.013,148.976,35.503,3892,1505,2387
Mid-range,Mid-range,25.0,128.0,Moderate,,,,,Static-1024,18,22,SecP384r1MLKEM1024,True,208.085,160.227,47.169,4886,1954,2932
Mid-range,Mid-range,25.0,128.0,Moderate,X25519MLKEM768,71.339,72.1265,0.0265,Adaptive,6,23,X25519MLKEM768,True,218.52,148.669,36.233,3892,1505,2387
Mid-range,Mid-range,25.0,128.0,Moderate,X25519MLKEM768,71.191,72.1276,0.0396,Adaptive,2,24,X25519MLKEM768,True,217.951,148.778,39.267,3892,1505,2387
Mid-range,Mid-range,25.0,128.0,Moderate,X25519MLKEM768,70.92,71.5554,0.0249,Adaptive,28,25,X25519MLKEM768,True,218.099,148.189,38.383,3892,1505,2387
Mid-range,Mid-range,25.0,128.0,Moderate,,,,,Static-512,10,26,x25519_mlkem512,True,217.966,148.396,43.476,3176,1121,2055
Mid-range,Mid-range,25.0,128.0,Moderate,X25519MLKEM768,70.865,71.728,0.0239,Adaptive,39,27,X25519MLKEM768,True,217.74,148.29,37.531,3892,1505,2387
Mid-range,Mid-range,25.0,128.0,Moderate,,,,,Static-768,3,28,X25519MLKEM768,True,217.822,148.487,41.399,3892,1505,2387
Mid-range,Mid-range,25.0,128.0,Moderate,,,,,Static-768,5,29,X25519MLKEM768,True,209.567,148.024,51.157,3892,1505,2387
Mid-range,Mid-range,25.0,128.0,Moderate,,,,,Static-512,7,30,x25519_mlkem512,True,217.398,147.945,42.896,3176,1121,2055
Mid-range,Mid-range,25.0,128.0,Moderate,,,,,Static-1024,12,31,SecP384r1MLKEM1024,True,228.618,178.892,49.613,4886,1954,2932
Mid-range,Mid-range,25.0,128.0,Moderate,X25519MLKEM768,71.147,71.8787,0.0252,Adaptive,49,32,X25519MLKEM768,True,217.929,148.95,39.3,3892,1505,2387
Mid-range,Mid-range,25.0,128.0,Moderate,,,,,Static-768,50,33,X25519MLKEM768,True,226.849,148.477,39.22,3892,1505,2387
Mid-range,Mid-range,25.0,128.0,Moderate,,,,,Static-512,36,34,x25519_mlkem512,True,218.354,147.966,39.743,3176,1121,2055
Mid-range,Mid-range,25.0,128.0,Moderate,,,,,Static-1024,29,35,SecP384r1MLKEM1024,True,201.029,158.308,47.411,4886,1954,2932
Mid-range,Mid-range,25.0,128.0,Moderate,,,,,Static-512,22,36,x25519_mlkem512,True,217.169,148.113,38.536,3176,1121,2055
Mid-range,Mid-range,25.0,128.0,Moderate,,,,,Static-1024,27,37,SecP384r1MLKEM1024,True,208.459,301.269,45.927,4886,1954,2932
Mid-range,Mid-range,25.0,128.0,Moderate,,,,,Static-512,6,38,x25519_mlkem512,True,217.547,147.832,41.856,3176,1121,2055
Mid-range,Mid-range,25.0,128.0,Moderate,,,,,Static-768,39,39,X25519MLKEM768,True,219.179,148.751,40.165,3892,1505,2387
Mid-range,Mid-range,25.0,128.0,Moderate,,,,,Static-768,36,40,X25519MLKEM768,True,217.314,148.292,39.621,3892,1505,2387
Mid-range,Mid-range,25.0,128.0,Moderate,,,,,Static-1024,23,41,SecP384r1MLKEM1024,True,239.976,168.139,50.693,4886,1954,2932
Mid-range,Mid-range,25.0,128.0,Moderate,,,,,Static-768,12,42,X25519MLKEM768,True,217.603,148.481,37.388,3892,1505,2387
Mid-range,Mid-range,25.0,128.0,Moderate,,,,,Static-1024,24,43,SecP384r1MLKEM1024,True,198.827,157.66,48.765,4886,1954,2932
Mid-range,Mid-range,25.0,128.0,Moderate,,,,,Static-512,35,44,x25519_mlkem512,True,218.522,149.062,43.039,3176,1121,2055
Mid-range,Mid-range,25.0,128.0,Moderate,X25519MLKEM768,70.394,71.8089,0.0268,Adaptive,21,45,X25519MLKEM768,True,212.176,148.92,37.33,3892,1505,2387
Mid-range,Mid-range,25.0,128.0,Moderate,,,,,Static-768,2,46,X25519MLKEM768,True,217.949,148.4,39.743,3892,1505,2387
Mid-range,Mid-range,25.0,128.0,Moderate,X25519MLKEM768,71.246,71.8614,0.0254,Adaptive,7,47,X25519MLKEM768,True,217.696,148.264,36.087,3892,1505,2387
Mid-range,Mid-range,25.0,128.0,Moderate,,,,,Static-768,37,48,X25519MLKEM768,True,219.234,149.206,36.436,3892,1505,2387
Mid-range,Mid-range,25.0,128.0,Moderate,,,,,Static-512,1,49,x25519_mlkem512,True,217.895,147.471,38.986,3176,1121,2055
Mid-range,Mid-range,25.0,128.0,Moderate,,,,,Static-768,31,50,X25519MLKEM768,True,217.912,148.866,37.197,3892,1505,2387
Mid-range,Mid-range,25.0,128.0,Moderate,,,,,Static-1024,28,51,SecP384r1MLKEM1024,True,209.147,158.949,48.241,4886,1954,2932
Mid-range,Mid-range,25.0,128.0,Moderate,,,,,Static-512,14,52,x25519_mlkem512,True,218.759,148.58,40.87,3176,1121,2055
Mid-range,Mid-range,25.0,128.0,Moderate,,,,,Static-1024,22,53,SecP384r1MLKEM1024,True,209.071,159.184,47.801,4886,1954,2932
Mid-range,Mid-range,25.0,128.0,Moderate,,,,,Static-512,34,54,x25519_mlkem512,True,217.765,148.612,53.39,3176,1121,2055
Mid-range,Mid-range,25.0,128.0,Moderate,,,,,Static-1024,15,55,SecP384r1MLKEM1024,True,200.466,159.119,53.233,4886,1954,2932
Mid-range,Mid-range,25.0,128.0,Moderate,X25519MLKEM768,71.576,72.2429,0.0286,Adaptive,25,56,X25519MLKEM768,True,217.567,148.247,38.363,3892,1505,2387
Mid-range,Mid-range,25.0,128.0,Moderate,,,,,Static-768,35,57,X25519MLKEM768,True,217.098,148.387,42.158,3892,1505,2387
Mid-range,Mid-range,25.0,128.0,Moderate,,,,,Static-768,27,58,X25519MLKEM768,True,217.808,148.267,51.608,3892,1505,2387
Mid-range,Mid-range,25.0,128.0,Moderate,,,,,Static-512,29,59,x25519_mlkem512,True,218.217,148.227,39.118,3176,1121,2055
Mid-range,Mid-range,25.0,128.0,Moderate,X25519MLKEM768,71.229,72.7588,0.0306,Adaptive,18,60,X25519MLKEM768,True,217.979,148.254,42.996,3892,1505,2387
Mid-range,Mid-range,25.0,128.0,Moderate,X25519MLKEM768,71.172,71.7581,0.0265,Adaptive,10,61,X25519MLKEM768,True,218.11,148.337,36.454,3892,1505,2387
Mid-range,Mid-range,25.0,128.0,Moderate,,,,,Static-768,7,62,X25519MLKEM768,True,218.224,148.454,42.673,3892,1505,2387
Mid-range,Mid-range,25.0,128.0,Moderate,,,,,Static-1024,44,63,SecP384r1MLKEM1024,True,199.979,158.345,49.203,4886,1954,2932
Mid-range,Mid-range,25.0,128.0,Moderate,,,,,Static-1024,13,64,SecP384r1MLKEM1024,True,200.454,157.778,45.327,4886,1954,2932
Mid-range,Mid-range,25.0,128.0,Moderate,,,,,Static-1024,2,65,SecP384r1MLKEM1024,True,209.329,158.371,47.767,4886,1954,2932
Mid-range,Mid-range,25.0,128.0,Moderate,,,,,Static-512,20,66,x25519_mlkem512,True,212.927,147.937,38.959,3176,1121,2055
Mid-range,Mid-range,25.0,128.0,Moderate,X25519MLKEM768,70.965,72.0021,0.0288,Adaptive,8,67,X25519MLKEM768,True,218.03,148.716,37.483,3892,1505,2387
Mid-range,Mid-range,25.0,128.0,Moderate,,,,,Static-512,30,68,x25519_mlkem512,True,217.905,148.259,38.396,3176,1121,2055
Mid-range,Mid-range,25.0,128.0,Moderate,,,,,Static-1024,35,69,SecP384r1MLKEM1024,True,199.903,300.03,48.617,4886,1954,2932
Mid-range,Mid-range,25.0,128.0,Moderate,,,,,Static-768,16,70,X25519MLKEM768,True,218.718,148.685,38.106,3892,1505,2387
Mid-range,Mid-range,25.0,128.0,Moderate,X25519MLKEM768,71.068,71.7774,0.0256,Adaptive,1,71,X25519MLKEM768,True,217.564,148.515,39.931,3892,1505,2387
Mid-range,Mid-range,25.0,128.0,Moderate,X25519MLKEM768,71.049,71.6151,0.0247,Adaptive,41,72,X25519MLKEM768,True,217.935,148.105,37.074,3892,1505,2387
Mid-range,Mid-range,25.0,128.0,Moderate,,,,,Static-512,41,73,x25519_mlkem512,True,218.316,149.002,39.982,3176,1121,2055
Mid-range,Mid-range,25.0,128.0,Moderate,,,,,Static-512,47,74,x25519_mlkem512,True,217.283,147.503,39.244,3176,1121,2055
Mid-range,Mid-range,25.0,128.0,Moderate,,,,,Static-1024,20,75,SecP384r1MLKEM1024,True,198.971,158.324,49.182,4886,1954,2932
Mid-range,Mid-range,25.0,128.0,Moderate,,,,,Static-1024,39,76,SecP384r1MLKEM1024,True,217.569,168.694,51.996,4886,1954,2932
Mid-range,Mid-range,25.0,128.0,Moderate,X25519MLKEM768,71.294,71.8948,0.0258,Adaptive,42,77,X25519MLKEM768,True,217.132,148.871,41.13,3892,1505,2387
Mid-range,Mid-range,25.0,128.0,Moderate,,,,,Static-512,32,78,x25519_mlkem512,True,217.595,147.939,38.698,3176,1121,2055
Mid-range,Mid-range,25.0,128.0,Moderate,X25519MLKEM768,71.02,71.7038,0.0252,Adaptive,3,79,X25519MLKEM768,True,217.77,148.409,41.368,3892,1505,2387
Mid-range,Mid-range,25.0,128.0,Moderate,,,,,Static-1024,42,80,SecP384r1MLKEM1024,True,219.658,169.344,49.893,4886,1954,2932
Mid-range,Mid-range,25.0,128.0,Moderate,X25519MLKEM768,70.955,71.5416,0.0279,Adaptive,5,81,X25519MLKEM768,True,220.718,148.612,49.545,3892,1505,2387
Mid-range,Mid-range,25.0,128.0,Moderate,,,,,Static-768,48,82,X25519MLKEM768,True,217.694,148.477,41.068,3892,1505,2387
Mid-range,Mid-range,25.0,128.0,Moderate,X25519MLKEM768,71.136,72.4221,0.0266,Adaptive,50,83,X25519MLKEM768,True,218.491,148.626,40.863,3892,1505,2387
Mid-range,Mid-range,25.0,128.0,Moderate,,,,,Static-512,21,84,x25519_mlkem512,True,220.384,147.8,38.203,3176,1121,2055
Mid-range,Mid-range,25.0,128.0,Moderate,X25519MLKEM768,71.261,71.837,0.0265,Adaptive,27,85,X25519MLKEM768,True,218.668,149.18,38.311,3892,1505,2387
Mid-range,Mid-range,25.0,128.0,Moderate,,,,,Static-1024,32,86,SecP384r1MLKEM1024,True,210.042,159.319,48.297,4886,1954,2932
Mid-range,Mid-range,25.0,128.0,Moderate,,,,,Static-1024,25,87,SecP384r1MLKEM1024,True,210.368,166.234,49.395,4886,1954,2932
Mid-range,Mid-range,25.0,128.0,Moderate,,,,,Static-768,26,88,X25519MLKEM768,True,218.275,148.86,38.887,3892,1505,2387
Mid-range,Mid-range,25.0,128.0,Moderate,,,,,Static-768,20,89,X25519MLKEM768,True,218.024,148.586,37.896,3892,1505,2387
Mid-range,Mid-range,25.0,128.0,Moderate,X25519MLKEM768,70.993,71.6978,0.0251,Adaptive,30,90,X25519MLKEM768,True,217.92,148.09,39.096,3892,1505,2387
Mid-range,Mid-range,25.0,128.0,Moderate,,,,,Static-512,8,91,x25519_mlkem512,True,217.957,148.555,38.44,3176,1121,2055
Mid-range,Mid-range,25.0,128.0,Moderate,,,,,Static-768,24,92,X25519MLKEM768,True,221.769,149.088,37.145,3892,1505,2387
Mid-range,Mid-range,25.0,128.0,Moderate,,,,,Static-768,43,93,X25519MLKEM768,True,218.965,148.979,37.988,3892,1505,2387
Mid-range,Mid-range,25.0,128.0,Moderate,,,,,Static-512,4,94,x25519_mlkem512,True,217.738,147.792,41.335,3176,1121,2055
Mid-range,Mid-range,25.0,128.0,Moderate,,,,,Static-512,5,95,x25519_mlkem512,True,218.176,147.766,40.494,3176,1121,2055
Mid-range,Mid-range,25.0,128.0,Moderate,X25519MLKEM768,71.069,71.7364,0.0208,Adaptive,33,96,X25519MLKEM768,True,218.605,148.696,38.801,3892,1505,2387
Mid-range,Mid-range,25.0,128.0,Moderate,,,,,Static-1024,43,97,SecP384r1MLKEM1024,True,208.67,158.021,48.148,4886,1954,2932
Mid-range,Mid-range,25.0,128.0,Moderate,,,,,Static-512,16,98,x25519_mlkem512,True,218.074,148.028,40.051,3176,1121,2055
Mid-range,Mid-range,25.0,128.0,Moderate,,,,,Static-1024,26,99,SecP384r1MLKEM1024,True,209.852,159.213,47.864,4886,1954,2932
Mid-range,Mid-range,25.0,128.0,Moderate,X25519MLKEM768,71.179,71.8312,0.1179,Adaptive,37,100,X25519MLKEM768,True,218.02,148.516,38.908,3892,1505,2387
Mid-range,Mid-range,25.0,128.0,Moderate,,,,,Static-768,15,101,X25519MLKEM768,True,218.017,148.601,38.675,3892,1505,2387
Mid-range,Mid-range,25.0,128.0,Moderate,,,,,Static-512,15,102,x25519_mlkem512,True,217.827,147.46,41.701,3176,1121,2055
Mid-range,Mid-range,25.0,128.0,Moderate,,,,,Static-768,49,103,X25519MLKEM768,True,218.135,148.459,37.603,3892,1505,2387
Mid-range,Mid-range,25.0,128.0,Moderate,,,,,Static-512,9,104,x25519_mlkem512,True,217.326,147.695,39.456,3176,1121,2055
Mid-range,Mid-range,25.0,128.0,Moderate,,,,,Static-768,19,105,X25519MLKEM768,True,217.948,148.695,38.951,3892,1505,2387
Mid-range,Mid-range,25.0,128.0,Moderate,X25519MLKEM768,71.019,71.723,0.0285,Adaptive,26,106,X25519MLKEM768,True,218.147,148.212,42.406,3892,1505,2387
Mid-range,Mid-range,25.0,128.0,Moderate,,,,,Static-512,46,107,x25519_mlkem512,True,217.82,147.75,39.289,3176,1121,2055
Mid-range,Mid-range,25.0,128.0,Moderate,X25519MLKEM768,71.162,71.9285,0.0264,Adaptive,23,108,X25519MLKEM768,True,217.811,148.142,41.363,3892,1505,2387
Mid-range,Mid-range,25.0,128.0,Moderate,X25519MLKEM768,71.125,71.8045,0.02,Adaptive,40,109,X25519MLKEM768,True,218.524,148.326,39.58,3892,1505,2387
Mid-range,Mid-range,25.0,128.0,Moderate,,,,,Static-768,14,110,X25519MLKEM768,True,218.619,148.438,39.418,3892,1505,2387
Mid-range,Mid-range,25.0,128.0,Moderate,,,,,Static-1024,40,111,SecP384r1MLKEM1024,True,208.591,158.187,47.748,4886,1954,2932
Mid-range,Mid-range,25.0,128.0,Moderate,,,,,Static-1024,41,112,SecP384r1MLKEM1024,True,201.798,159.034,48.043,4886,1954,2932
Mid-range,Mid-range,25.0,128.0,Moderate,,,,,Static-1024,4,113,SecP384r1MLKEM1024,True,211.422,168.138,49.714,4886,1954,2932
Mid-range,Mid-range,25.0,128.0,Moderate,X25519MLKEM768,71.075,71.6104,0.0257,Adaptive,24,114,X25519MLKEM768,True,218.593,148.223,37.362,3892,1505,2387
Mid-range,Mid-range,25.0,128.0,Moderate,X25519MLKEM768,74.737,75.3628,0.0248,Adaptive,20,115,X25519MLKEM768,True,218.775,148.445,39.023,3892,1505,2387
Mid-range,Mid-range,25.0,128.0,Moderate,,,,,Static-1024,9,116,SecP384r1MLKEM1024,True,209.327,158.585,47.832,4886,1954,2932
Mid-range,Mid-range,25.0,128.0,Moderate,,,,,Static-1024,6,117,SecP384r1MLKEM1024,True,200.76,158.494,49.67,4886,1954,2932
Mid-range,Mid-range,25.0,128.0,Moderate,,,,,Static-768,33,118,X25519MLKEM768,True,219.261,149.51,40.125,3892,1505,2387
Mid-range,Mid-range,25.0,128.0,Moderate,,,,,Static-1024,14,119,SecP384r1MLKEM1024,True,191.794,157.984,49.124,4886,1954,2932
Mid-range,Mid-range,25.0,128.0,Moderate,,,,,Static-1024,30,120,SecP384r1MLKEM1024,True,201.529,159.107,48.755,4886,1954,2932
Mid-range,Mid-range,25.0,128.0,Moderate,,,,,Static-512,28,121,x25519_mlkem512,True,217.777,147.847,38.985,3176,1121,2055
Mid-range,Mid-range,25.0,128.0,Moderate,,,,,Static-512,3,122,x25519_mlkem512,True,218.158,147.956,38.626,3176,1121,2055
Mid-range,Mid-range,25.0,128.0,Moderate,,,,,Static-768,4,123,X25519MLKEM768,True,218.776,148.842,38.717,3892,1505,2387
Mid-range,Mid-range,25.0,128.0,Moderate,,,,,Static-512,48,124,x25519_mlkem512,True,219.361,149.067,40.246,3176,1121,2055
Mid-range,Mid-range,25.0,128.0,Moderate,,,,,Static-768,25,125,X25519MLKEM768,True,218.818,148.849,39.103,3892,1505,2387
Mid-range,Mid-range,25.0,128.0,Moderate,,,,,Static-1024,8,126,SecP384r1MLKEM1024,True,200.36,157.727,51.423,4886,1954,2932
Mid-range,Mid-range,25.0,128.0,Moderate,,,,,Static-512,37,127,x25519_mlkem512,True,217.818,148.415,37.597,3176,1121,2055
Mid-range,Mid-range,25.0,128.0,Moderate,,,,,Static-512,12,128,x25519_mlkem512,True,218.064,148.658,40.214,3176,1121,2055
Mid-range,Mid-range,25.0,128.0,Moderate,,,,,Static-512,13,129,x25519_mlkem512,True,216.975,148.156,38.511,3176,1121,2055
Mid-range,Mid-range,25.0,128.0,Moderate,,,,,Static-1024,5,130,SecP384r1MLKEM1024,True,199.887,158.186,47.692,4886,1954,2932
Mid-range,Mid-range,25.0,128.0,Moderate,X25519MLKEM768,71.422,72.0049,0.0262,Adaptive,34,131,X25519MLKEM768,True,219.037,149.761,41.04,3892,1505,2387
Mid-range,Mid-range,25.0,128.0,Moderate,,,,,Static-768,9,132,X25519MLKEM768,True,217.555,149.021,41.902,3892,1505,2387
Mid-range,Mid-range,25.0,128.0,Moderate,,,,,Static-1024,19,133,SecP384r1MLKEM1024,True,209.291,158.901,46.327,4886,1954,2932
Mid-range,Mid-range,25.0,128.0,Moderate,X25519MLKEM768,71.083,71.8194,0.0221,Adaptive,46,134,X25519MLKEM768,True,433.863,364.592,40.742,3892,1505,2387
Mid-range,Mid-range,25.0,128.0,Moderate,,,,,Static-768,40,135,X25519MLKEM768,True,217.929,148.211,42.133,3892,1505,2387
Mid-range,Mid-range,25.0,128.0,Moderate,,,,,Static-768,6,136,X25519MLKEM768,True,217.739,148.126,39.192,3892,1505,2387
Mid-range,Mid-range,25.0,128.0,Moderate,,,,,Static-512,18,137,x25519_mlkem512,True,217.767,148.465,37.332,3176,1121,2055
Mid-range,Mid-range,25.0,128.0,Moderate,,,,,Static-1024,31,138,SecP384r1MLKEM1024,True,199.823,158.474,48.885,4886,1954,2932
Mid-range,Mid-range,25.0,128.0,Moderate,X25519MLKEM768,70.665,71.9277,0.0225,Adaptive,14,139,X25519MLKEM768,True,218.459,148.933,45.277,3892,1505,2387
Mid-range,Mid-range,25.0,128.0,Moderate,X25519MLKEM768,70.63,72.6786,0.0284,Adaptive,29,140,X25519MLKEM768,True,218.352,148.752,40.976,3892,1505,2387
Mid-range,Mid-range,25.0,128.0,Moderate,,,,,Static-512,11,141,x25519_mlkem512,True,216.12,147.812,40.402,3176,1121,2055
Mid-range,Mid-range,25.0,128.0,Moderate,,,,,Static-1024,11,142,SecP384r1MLKEM1024,True,208.843,158.434,48.115,4886,1954,2932
Mid-range,Mid-range,25.0,128.0,Moderate,,,,,Static-512,44,143,x25519_mlkem512,True,217.903,148.722,38.317,3176,1121,2055
Mid-range,Mid-range,25.0,128.0,Moderate,X25519MLKEM768,71.307,71.8827,0.0257,Adaptive,17,144,X25519MLKEM768,True,218.105,148.677,36.719,3892,1505,2387
Mid-range,Mid-range,25.0,128.0,Moderate,,,,,Static-1024,37,145,SecP384r1MLKEM1024,True,209.383,159.325,47.547,4886,1954,2932
Mid-range,Mid-range,25.0,128.0,Moderate,,,,,Static-768,41,146,X25519MLKEM768,True,219.295,149.486,39.744,3892,1505,2387
Mid-range,Mid-range,25.0,128.0,Moderate,,,,,Static-1024,33,147,SecP384r1MLKEM1024,True,200.147,158.216,46.839,4886,1954,2932
Mid-range,Mid-range,25.0,128.0,Moderate,,,,,Static-512,23,148,x25519_mlkem512,True,218.926,148.677,36.696,3176,1121,2055
Mid-range,Mid-range,25.0,128.0,Moderate,X25519MLKEM768,71.287,71.8323,0.0258,Adaptive,15,149,X25519MLKEM768,True,218.219,148.825,38.416,3892,1505,2387
Mid-range,Mid-range,25.0,128.0,Moderate,,,,,Static-768,32,150,X25519MLKEM768,True,217.889,148.451,38.587,3892,1505,2387
Mid-range,Mid-range,25.0,128.0,Moderate,,,,,Static-1024,3,151,SecP384r1MLKEM1024,True,278.62,232.454,60.818,4886,1954,2932
Mid-range,Mid-range,25.0,128.0,Moderate,,,,,Static-768,44,152,X25519MLKEM768,True,217.99,148.358,41.678,3892,1505,2387
Mid-range,Mid-range,25.0,128.0,Moderate,X25519MLKEM768,71.379,72.0624,0.028,Adaptive,35,153,X25519MLKEM768,True,218.487,148.431,35.942,3892,1505,2387
Mid-range,Mid-range,25.0,128.0,Moderate,,,,,Static-1024,49,154,SecP384r1MLKEM1024,True,201.009,157.55,48.832,4886,1954,2932
Mid-range,Mid-range,25.0,128.0,Moderate,,,,,Static-1024,17,155,SecP384r1MLKEM1024,True,208.188,160.046,53.027,4886,1954,2932
Mid-range,Mid-range,25.0,128.0,Moderate,,,,,Static-768,47,156,X25519MLKEM768,True,218.278,148.608,45.371,3892,1505,2387
Mid-range,Mid-range,25.0,128.0,Moderate,X25519MLKEM768,71.222,71.8884,0.0994,Adaptive,16,157,X25519MLKEM768,True,217.666,148.523,39.267,3892,1505,2387
Mid-range,Mid-range,25.0,128.0,Moderate,,,,,Static-768,30,158,X25519MLKEM768,True,217.501,148.956,38.827,3892,1505,2387
Mid-range,Mid-range,25.0,128.0,Moderate,,,,,Static-1024,36,159,SecP384r1MLKEM1024,True,201.088,158.796,49.182,4886,1954,2932
Mid-range,Mid-range,25.0,128.0,Moderate,,,,,Static-512,24,160,x25519_mlkem512,True,218.769,149.033,39.215,3176,1121,2055
Mid-range,Mid-range,25.0,128.0,Moderate,,,,,Static-768,13,161,X25519MLKEM768,True,219.853,148.717,41.707,3892,1505,2387
Mid-range,Mid-range,25.0,128.0,Moderate,X25519MLKEM768,70.534,71.105,0.0272,Adaptive,4,162,X25519MLKEM768,True,437.939,368.531,45.794,3892,1505,2387
Mid-range,Mid-range,25.0,128.0,Moderate,,,,,Static-768,29,163,X25519MLKEM768,True,218.185,148.305,37.032,3892,1505,2387
Mid-range,Mid-range,25.0,128.0,Moderate,X25519MLKEM768,71.408,72.1811,0.0195,Adaptive,9,164,X25519MLKEM768,True,217.168,148.205,38.378,3892,1505,2387
Mid-range,Mid-range,25.0,128.0,Moderate,,,,,Static-1024,48,165,SecP384r1MLKEM1024,True,200.962,158.341,50.816,4886,1954,2932
Mid-range,Mid-range,25.0,128.0,Moderate,X25519MLKEM768,70.85,71.9302,0.0277,Adaptive,32,166,X25519MLKEM768,True,218.803,148.867,40.018,3892,1505,2387
Mid-range,Mid-range,25.0,128.0,Moderate,,,,,Static-768,38,167,X25519MLKEM768,True,218.606,149.266,38.468,3892,1505,2387
Mid-range,Mid-range,25.0,128.0,Moderate,,,,,Static-768,10,168,X25519MLKEM768,True,218.699,149.081,38.694,3892,1505,2387
Mid-range,Mid-range,25.0,128.0,Moderate,X25519MLKEM768,70.963,71.7956,0.0294,Adaptive,45,169,X25519MLKEM768,True,218.59,148.255,39.375,3892,1505,2387
Mid-range,Mid-range,25.0,128.0,Moderate,,,,,Static-768,23,170,X25519MLKEM768,True,219.969,149.841,39.268,3892,1505,2387
Mid-range,Mid-range,25.0,128.0,Moderate,,,,,Static-512,40,171,x25519_mlkem512,True,216.888,148.04,38.279,3176,1121,2055
Mid-range,Mid-range,25.0,128.0,Moderate,X25519MLKEM768,71.133,71.8331,0.0253,Adaptive,22,172,X25519MLKEM768,True,218.338,148.512,40.816,3892,1505,2387
Mid-range,Mid-range,25.0,128.0,Moderate,,,,,Static-512,17,173,x25519_mlkem512,True,218.706,148.425,37.758,3176,1121,2055
Mid-range,Mid-range,25.0,128.0,Moderate,,,,,Static-512,42,174,x25519_mlkem512,True,218.428,148.31,38.042,3176,1121,2055
Mid-range,Mid-range,25.0,128.0,Moderate,,,,,Static-512,19,175,x25519_mlkem512,True,216.835,147.541,39.974,3176,1121,2055
Mid-range,Mid-range,25.0,128.0,Moderate,X25519MLKEM768,71.551,72.1388,0.0253,Adaptive,11,176,X25519MLKEM768,True,217.865,148.16,38.083,3892,1505,2387
Mid-range,Mid-range,25.0,128.0,Moderate,X25519MLKEM768,71.525,72.1057,0.0257,Adaptive,12,177,X25519MLKEM768,True,218.615,148.131,37.702,3892,1505,2387
Mid-range,Mid-range,25.0,128.0,Moderate,,,,,Static-1024,21,178,SecP384r1MLKEM1024,True,209.544,158.511,45.043,4886,1954,2932
Mid-range,Mid-range,25.0,128.0,Moderate,X25519MLKEM768,70.862,71.946,0.0243,Adaptive,47,179,X25519MLKEM768,True,218.499,149.267,40.512,3892,1505,2387
Mid-range,Mid-range,25.0,128.0,Moderate,,,,,Static-768,17,180,X25519MLKEM768,True,227.399,148.945,40.464,3892,1505,2387
Mid-range,Mid-range,25.0,128.0,Moderate,,,,,Static-512,2,181,x25519_mlkem512,True,217.398,147.793,38.607,3176,1121,2055
Mid-range,Mid-range,25.0,128.0,Moderate,,,,,Static-512,39,182,x25519_mlkem512,True,218.222,148.326,38.782,3176,1121,2055
Mid-range,Mid-range,25.0,128.0,Moderate,,,,,Static-1024,45,183,SecP384r1MLKEM1024,True,210.576,168.034,48.222,4886,1954,2932
Mid-range,Mid-range,25.0,128.0,Moderate,,,,,Static-768,28,184,X25519MLKEM768,True,218.064,149.225,39.807,3892,1505,2387
Mid-range,Mid-range,25.0,128.0,Moderate,,,,,Static-512,25,185,x25519_mlkem512,True,217.398,147.855,38.253,3176,1121,2055
Mid-range,Mid-range,25.0,128.0,Moderate,,,,,Static-768,45,186,X25519MLKEM768,True,217.993,148.37,40.551,3892,1505,2387
Mid-range,Mid-range,25.0,128.0,Moderate,X25519MLKEM768,70.612,72.924,0.0945,Adaptive,38,187,X25519MLKEM768,True,210.248,148.632,51.739,3892,1505,2387
Mid-range,Mid-range,25.0,128.0,Moderate,,,,,Static-512,33,188,x25519_mlkem512,True,217.866,148.099,40.149,3176,1121,2055
Mid-range,Mid-range,25.0,128.0,Moderate,,,,,Static-768,21,189,X25519MLKEM768,True,218.282,148.559,38.656,3892,1505,2387
Mid-range,Mid-range,25.0,128.0,Moderate,,,,,Static-768,8,190,X25519MLKEM768,True,218.048,148.418,38.18,3892,1505,2387
Mid-range,Mid-range,25.0,128.0,Moderate,X25519MLKEM768,71.141,71.8205,0.0264,Adaptive,36,191,X25519MLKEM768,True,218.612,148.76,39.111,3892,1505,2387
Mid-range,Mid-range,25.0,128.0,Moderate,,,,,Static-512,43,192,x25519_mlkem512,True,217.719,148.0,39.754,3176,1121,2055
Mid-range,Mid-range,25.0,128.0,Moderate,,,,,Static-512,49,193,x25519_mlkem512,True,217.65,147.446,38.92,3176,1121,2055
Mid-range,Mid-range,25.0,128.0,Moderate,,,,,Static-1024,38,194,SecP384r1MLKEM1024,True,201.136,159.458,46.728,4886,1954,2932
Mid-range,Mid-range,25.0,128.0,Moderate,X25519MLKEM768,71.031,71.5599,0.0284,Adaptive,44,195,X25519MLKEM768,True,1242.556,151.791,55.062,3892,1505,2387
Mid-range,Mid-range,25.0,128.0,Moderate,,,,,Static-512,31,196,x25519_mlkem512,True,217.205,147.968,38.691,3176,1121,2055
Mid-range,Mid-range,25.0,128.0,Moderate,,,,,Static-1024,7,197,SecP384r1MLKEM1024,True,209.227,158.622,46.639,4886,1954,2932
Mid-range,Mid-range,25.0,128.0,Moderate,,,,,Static-768,42,198,X25519MLKEM768,True,218.495,149.014,39.367,3892,1505,2387
Mid-range,Mid-range,25.0,128.0,Moderate,,,,,Static-512,27,199,x25519_mlkem512,True,217.262,147.849,37.458,3176,1121,2055
Mid-range,Mid-range,25.0,128.0,High-latency,x25519_mlkem512,121.46,122.0607,0.027,Adaptive,13,0,x25519_mlkem512,True,379.769,260.044,40.682,3176,1121,2055
Mid-range,Mid-range,25.0,128.0,High-latency,,,,,Static-512,26,1,x25519_mlkem512,True,380.016,260.91,41.028,3176,1121,2055
Mid-range,Mid-range,25.0,128.0,High-latency,,,,,Static-1024,34,2,SecP384r1MLKEM1024,True,369.249,277.003,53.096,4886,1954,2932
Mid-range,Mid-range,25.0,128.0,High-latency,,,,,Static-768,22,3,X25519MLKEM768,True,387.878,262.951,39.476,3892,1505,2387
Mid-range,Mid-range,25.0,128.0,High-latency,,,,,Static-1024,46,4,SecP384r1MLKEM1024,True,370.66,276.783,53.914,4886,1954,2932
Mid-range,Mid-range,25.0,128.0,High-latency,,,,,Static-768,46,5,X25519MLKEM768,True,383.367,262.944,40.403,3892,1505,2387
Mid-range,Mid-range,25.0,128.0,High-latency,,,,,Static-768,11,6,X25519MLKEM768,True,383.298,263.501,41.946,3892,1505,2387
Mid-range,Mid-range,25.0,128.0,High-latency,,,,,Static-512,45,7,x25519_mlkem512,True,379.934,260.635,42.004,3176,1121,2055
Mid-range,Mid-range,25.0,128.0,High-latency,,,,,Static-1024,47,8,SecP384r1MLKEM1024,True,369.73,276.231,50.538,4886,1954,2932
Mid-range,Mid-range,25.0,128.0,High-latency,x25519_mlkem512,120.989,123.8814,0.0211,Adaptive,43,9,x25519_mlkem512,True,379.717,259.745,43.971,3176,1121,2055
Mid-range,Mid-range,25.0,128.0,High-latency,,,,,Static-768,18,10,X25519MLKEM768,True,750.668,636.945,48.655,3892,1505,2387
Mid-range,Mid-range,25.0,128.0,High-latency,,,,,Static-1024,1,11,SecP384r1MLKEM1024,True,386.782,278.429,56.332,4886,1954,2932
Mid-range,Mid-range,25.0,128.0,High-latency,x25519_mlkem512,121.536,122.1915,0.0272,Adaptive,19,12,x25519_mlkem512,True,379.354,259.55,40.455,3176,1121,2055
Mid-range,Mid-range,25.0,128.0,High-latency,,,,,Static-1024,16,13,SecP384r1MLKEM1024,True,388.499,284.756,55.167,4886,1954,2932
Mid-range,Mid-range,25.0,128.0,High-latency,,,,,Static-512,38,14,x25519_mlkem512,True,379.791,260.082,39.629,3176,1121,2055
Mid-range,Mid-range,25.0,128.0,High-latency,,,,,Static-1024,10,15,SecP384r1MLKEM1024,True,368.807,275.651,49.72,4886,1954,2932
Mid-range,Mid-range,25.0,128.0,High-latency,,,,,Static-512,50,16,x25519_mlkem512,True,385.879,260.841,43.312,3176,1121,2055
Mid-range,Mid-range,25.0,128.0,High-latency,,,,,Static-1024,50,17,SecP384r1MLKEM1024,True,378.5,278.205,51.512,4886,1954,2932
Mid-range,Mid-range,25.0,128.0,High-latency,x25519_mlkem512,121.729,122.2943,0.0269,Adaptive,31,18,x25519_mlkem512,True,379.868,260.051,40.139,3176,1121,2055
Mid-range,Mid-range,25.0,128.0,High-latency,x25519_mlkem512,121.48,122.15,0.0309,Adaptive,48,19,x25519_mlkem512,True,380.832,259.997,43.979,3176,1121,2055
Mid-range,Mid-range,25.0,128.0,High-latency,,,,,Static-768,1,20,X25519MLKEM768,True,384.047,263.652,43.053,3892,1505,2387
Mid-range,Mid-range,25.0,128.0,High-latency,,,,,Static-768,34,21,X25519MLKEM768,True,382.957,263.15,39.713,3892,1505,2387
Mid-range,Mid-range,25.0,128.0,High-latency,,,,,Static-1024,18,22,SecP384r1MLKEM1024,True,387.981,279.301,53.413,4886,1954,2932
Mid-range,Mid-range,25.0,128.0,High-latency,x25519_mlkem512,121.845,122.4172,0.0267,Adaptive,6,23,x25519_mlkem512,True,749.419,628.984,50.221,3176,1121,2055
Mid-range,Mid-range,25.0,128.0,High-latency,x25519_mlkem512,121.631,122.333,0.0256,Adaptive,2,24,x25519_mlkem512,True,379.564,260.097,39.913,3176,1121,2055
Mid-range,Mid-range,25.0,128.0,High-latency,x25519_mlkem512,121.467,123.3043,0.0282,Adaptive,28,25,x25519_mlkem512,True,380.428,260.313,42.582,3176,1121,2055
Mid-range,Mid-range,25.0,128.0,High-latency,,,,,Static-512,10,26,x25519_mlkem512,True,379.963,414.877,45.662,3176,1121,2055
Mid-range,Mid-range,25.0,128.0,High-latency,x25519_mlkem512,121.325,122.796,0.0246,Adaptive,39,27,x25519_mlkem512,True,754.007,629.988,47.512,3176,1121,2055
Mid-range,Mid-range,25.0,128.0,High-latency,,,,,Static-768,3,28,X25519MLKEM768,True,382.305,262.814,41.773,3892,1505,2387
Mid-range,Mid-range,25.0,128.0,High-latency,,,,,Static-768,5,29,X25519MLKEM768,True,383.261,262.882,43.715,3892,1505,2387
Mid-range,Mid-range,25.0,128.0,High-latency,,,,,Static-512,7,30,x25519_mlkem512,True,380.539,260.576,41.122,3176,1121,2055
Mid-range,Mid-range,25.0,128.0,High-latency,,,,,Static-1024,12,31,SecP384r1MLKEM1024,True,529.826,436.104,54.623,4886,1954,2932
Mid-range,Mid-range,25.0,128.0,High-latency,x25519_mlkem512,121.113,121.7444,0.0273,Adaptive,49,32,x25519_mlkem512,True,636.803,263.534,52.185,3176,1121,2055
Mid-range,Mid-range,25.0,128.0,High-latency,,,,,Static-768,50,33,X25519MLKEM768,True,382.589,263.075,69.071,3892,1505,2387
Mid-range,Mid-range,25.0,128.0,High-latency,,,,,Static-512,36,34,x25519_mlkem512,True,379.844,259.439,43.963,3176,1121,2055
Mid-range,Mid-range,25.0,128.0,High-latency,,,,,Static-1024,29,35,SecP384r1MLKEM1024,True,378.596,276.865,50.421,4886,1954,2932
Mid-range,Mid-range,25.0,128.0,High-latency,,,,,Static-512,22,36,x25519_mlkem512,True,380.316,260.65,46.206,3176,1121,2055
Mid-range,Mid-range,25.0,128.0,High-latency,,,,,Static-1024,27,37,SecP384r1MLKEM1024,True,359.269,432.052,53.093,4886,1954,2932
Mid-range,Mid-range,25.0,128.0,High-latency,,,,,Static-512,6,38,x25519_mlkem512,True,380.403,259.963,44.267,3176,1121,2055
Mid-range,Mid-range,25.0,128.0,High-latency,,,,,Static-768,39,39,X25519MLKEM768,True,382.822,262.829,43.973,3892,1505,2387
Mid-range,Mid-range,25.0,128.0,High-latency,,,,,Static-768,36,40,X25519MLKEM768,True,390.515,262.536,40.149,3892,1505,2387
Mid-range,Mid-range,25.0,128.0,High-latency,,,,,Static-1024,23,41,SecP384r1MLKEM1024,True,379.841,277.682,64.044,4886,1954,2932
Mid-range,Mid-range,25.0,128.0,High-latency,,,,,Static-768,12,42,X25519MLKEM768,True,389.648,270.493,56.004,3892,1505,2387
Mid-range,Mid-range,25.0,128.0,High-latency,,,,,Static-1024,24,43,SecP384r1MLKEM1024,True,380.458,286.816,53.926,4886,1954,2932
Mid-range,Mid-range,25.0,128.0,High-latency,,,,,Static-512,35,44,x25519_mlkem512,True,379.483,259.515,44.479,3176,1121,2055
Mid-range,Mid-range,25.0,128.0,High-latency,x25519_mlkem512,121.658,122.2104,0.0247,Adaptive,21,45,x25519_mlkem512,True,383.043,262.921,100.175,3176,1121,2055
Mid-range,Mid-range,25.0,128.0,High-latency,,,,,Static-768,2,46,X25519MLKEM768,True,376.784,262.83,45.295,3892,1505,2387
Mid-range,Mid-range,25.0,128.0,High-latency,x25519_mlkem512,121.368,122.0511,0.0283,Adaptive,7,47,x25519_mlkem512,True,373.216,259.929,42.583,3176,1121,2055
Mid-range,Mid-range,25.0,128.0,High-latency,,,,,Static-768,37,48,X25519MLKEM768,True,383.435,263.235,43.847,3892,1505,2387
Mid-range,Mid-range,25.0,128.0,High-latency,,,,,Static-512,1,49,x25519_mlkem512,True,380.111,259.885,42.237,3176,1121,2055
Mid-range,Mid-range,25.0,128.0,High-latency,,,,,Static-768,31,50,X25519MLKEM768,True,387.329,268.002,43.886,3892,1505,2387
Mid-range,Mid-range,25.0,128.0,High-latency,,,,,Static-1024,28,51,SecP384r1MLKEM1024,True,370.686,276.261,50.233,4886,1954,2932
Mid-range,Mid-range,25.0,128.0,High-latency,,,,,Static-512,14,52,x25519_mlkem512,True,380.547,260.329,41.08,3176,1121,2055
Mid-range,Mid-range,25.0,128.0,High-latency,,,,,Static-1024,22,53,SecP384r1MLKEM1024,True,373.786,279.541,51.994,4886,1954,2932
Mid-range,Mid-range,25.0,128.0,High-latency,,,,,Static-512,34,54,x25519_mlkem512,True,381.01,260.928,42.524,3176,1121,2055
Mid-range,Mid-range,25.0,128.0,High-latency,,,,,Static-1024,15,55,SecP384r1MLKEM1024,True,539.157,438.155,50.412,4886,1954,2932
Mid-range,Mid-range,25.0,128.0,High-latency,x25519_mlkem512,121.581,122.1736,0.0269,Adaptive,25,56,x25519_mlkem512,True,380.044,414.831,40.807,3176,1121,2055
Mid-range,Mid-range,25.0,128.0,High-latency,,,,,Static-768,35,57,X25519MLKEM768,True,384.054,264.302,41.541,3892,1505,2387
Mid-range,Mid-range,25.0,128.0,High-latency,,,,,Static-768,27,58,X25519MLKEM768,True,389.894,270.139,42.935,3892,1505,2387
Mid-range,Mid-range,25.0,128.0,High-latency,,,,,Static-512,29,59,x25519_mlkem512,True,1436.592,260.132,56.887,3176,1121,2055
Mid-range,Mid-range,25.0,128.0,High-latency,x25519_mlkem512,121.661,122.4094,0.0252,Adaptive,18,60,x25519_mlkem512,True,380.951,260.89,42.392,3176,1121,2055
Mid-range,Mid-range,25.0,128.0,High-latency,x25519_mlkem512,121.042,122.0549,0.0317,Adaptive,10,61,x25519_mlkem512,True,380.467,260.335,40.655,3176,1121,2055
Mid-range,Mid-range,25.0,128.0,High-latency,,,,,Static-768,7,62,X25519MLKEM768,True,382.803,262.714,42.826,3892,1505,2387
Mid-range,Mid-range,25.0,128.0,High-latency,,,,,Static-1024,44,63,SecP384r1MLKEM1024,True,377.903,277.061,50.934,4886,1954,2932
Mid-range,Mid-range,25.0,128.0,High-latency,,,,,Static-1024,13,64,SecP384r1MLKEM1024,True,369.45,276.603,49.756,4886,1954,2932
Mid-range,Mid-range,25.0,128.0,High-latency,,,,,Static-1024,2,65,SecP384r1MLKEM1024,True,369.376,276.568,54.382,4886,1954,2932
Mid-range,Mid-range,25.0,128.0,High-latency,,,,,Static-512,20,66,x25519_mlkem512,True,379.611,414.279,43.531,3176,1121,2055
Mid-range,Mid-range,25.0,128.0,High-latency,x25519_mlkem512,121.366,122.1807,0.0262,Adaptive,8,67,x25519_mlkem512,True,380.261,260.716,44.728,3176,1121,2055
Mid-range,Mid-range,25.0,128.0,High-latency,,,,,Static-512,30,68,x25519_mlkem512,True,380.485,260.809,42.815,3176,1121,2055
Mid-range,Mid-range,25.0,128.0,High-latency,,,,,Static-1024,35,69,SecP384r1MLKEM1024,True,369.524,278.474,48.152,4886,1954,2932
Mid-range,Mid-range,25.0,128.0,High-latency,,,,,Static-768,16,70,X25519MLKEM768,True,385.974,266.311,45.085,3892,1505,2387
Mid-range,Mid-range,25.0,128.0,High-latency,x25519_mlkem512,121.694,122.4244,0.0261,Adaptive,1,71,x25519_mlkem512,True,380.399,260.628,43.585,3176,1121,2055
Mid-range,Mid-range,25.0,128.0,High-latency,x25519_mlkem512,121.194,122.3755,0.0243,Adaptive,41,72,x25519_mlkem512,True,380.179,259.963,41.448,3176,1121,2055
Mid-range,Mid-range,25.0,128.0,High-latency,,,,,Static-512,41,73,x25519_mlkem512,True,380.305,260.741,41.377,3176,1121,2055
Mid-range,Mid-range,25.0,128.0,High-latency,,,,,Static-512,47,74,x25519_mlkem512,True,379.988,259.887,52.394,3176,1121,2055
Mid-range,Mid-range,25.0,128.0,High-latency,,,,,Static-1024,20,75,SecP384r1MLKEM1024,True,368.609,276.034,52.207,4886,1954,2932
Mid-range,Mid-range,25.0,128.0,High-latency,,,,,Static-1024,39,76,SecP384r1MLKEM1024,True,358.853,277.693,53.746,4886,1954,2932
Mid-range,Mid-range,25.0,128.0,High-latency,x25519_mlkem512,121.695,122.3796,0.0289,Adaptive,42,77,x25519_mlkem512,True,379.866,260.161,38.566,3176,1121,2055
Mid-range,Mid-range,25.0,128.0,High-latency,,,,,Static-512,32,78,x25519_mlkem512,True,386.438,266.132,43.163,3176,1121,2055
Mid-range,Mid-range,25.0,128.0,High-latency,x25519_mlkem512,121.434,122.082,0.0267,Adaptive,3,79,x25519_mlkem512,True,378.787,259.873,63.986,3176,1121,2055
Mid-range,Mid-range,25.0,128.0,High-latency,,,,,Static-1024,42,80,SecP384r1MLKEM1024,True,379.449,278.165,51.099,4886,1954,2932
Mid-range,Mid-range,25.0,128.0,High-latency,x25519_mlkem512,121.499,122.1468,0.0231,Adaptive,5,81,x25519_mlkem512,True,380.017,259.975,40.053,3176,1121,2055
Mid-range,Mid-range,25.0,128.0,High-latency,,,,,Static-768,48,82,X25519MLKEM768,True,637.782,263.416,43.967,3892,1505,2387
Mid-range,Mid-range,25.0,128.0,High-latency,x25519_mlkem512,121.122,121.9899,0.0265,Adaptive,50,83,x25519_mlkem512,True,379.86,260.131,53.272,3176,1121,2055
Mid-range,Mid-range,25.0,128.0,High-latency,,,,,Static-512,21,84,x25519_mlkem512,True,380.097,260.547,41.798,3176,1121,2055
Mid-range,Mid-range,25.0,128.0,High-latency,x25519_mlkem512,124.994,126.4806,0.0225,Adaptive,27,85,x25519_mlkem512,True,380.812,260.62,42.126,3176,1121,2055
Mid-range,Mid-range,25.0,128.0,High-latency,,,,,Static-1024,32,86,SecP384r1MLKEM1024,True,370.026,277.226,52.244,4886,1954,2932
Mid-range,Mid-range,25.0,128.0,High-latency,,,,,Static-1024,25,87,SecP384r1MLKEM1024,True,369.874,277.151,51.156,4886,1954,2932
Mid-range,Mid-range,25.0,128.0,High-latency,,,,,Static-768,26,88,X25519MLKEM768,True,1417.966,264.71,77.542,3892,1505,2387
Mid-range,Mid-range,25.0,128.0,High-latency,,,,,Static-768,20,89,X25519MLKEM768,True,384.413,264.647,54.067,3892,1505,2387
Mid-range,Mid-range,25.0,128.0,High-latency,x25519_mlkem512,121.113,121.6807,0.0311,Adaptive,30,90,x25519_mlkem512,True,1411.302,262.008,58.816,3176,1121,2055
Mid-range,Mid-range,25.0,128.0,High-latency,,,,,Static-512,8,91,x25519_mlkem512,True,380.528,260.53,49.346,3176,1121,2055
Mid-range,Mid-range,25.0,128.0,High-latency,,,,,Static-768,24,92,X25519MLKEM768,True,1413.646,263.286,56.792,3892,1505,2387
Mid-range,Mid-range,25.0,128.0,High-latency,,,,,Static-768,43,93,X25519MLKEM768,True,382.541,262.776,43.493,3892,1505,2387
Mid-range,Mid-range,25.0,128.0,High-latency,,,,,Static-512,4,94,x25519_mlkem512,True,379.429,259.911,42.02,3176,1121,2055
Mid-range,Mid-range,25.0,128.0,High-latency,,,,,Static-512,5,95,x25519_mlkem512,True,385.408,260.149,42.086,3176,1121,2055
Mid-range,Mid-range,25.0,128.0,High-latency,x25519_mlkem512,120.911,121.6961,0.0271,Adaptive,33,96,x25519_mlkem512,True,380.015,259.851,41.626,3176,1121,2055
Mid-range,Mid-range,25.0,128.0,High-latency,,,,,Static-1024,43,97,SecP384r1MLKEM1024,True,370.115,278.483,52.412,4886,1954,2932
Mid-range,Mid-range,25.0,128.0,High-latency,,,,,Static-512,16,98,x25519_mlkem512,True,380.627,260.476,38.649,3176,1121,2055
Mid-range,Mid-range,25.0,128.0,High-latency,,,,,Static-1024,26,99,SecP384r1MLKEM1024,True,370.269,279.345,50.374,4886,1954,2932
Mid-range,Mid-range,25.0,128.0,High-latency,x25519_mlkem512,121.584,122.1609,0.0252,Adaptive,37,100,x25519_mlkem512,True,762.872,638.634,57.586,3176,1121,2055
Mid-range,Mid-range,25.0,128.0,High-latency,,,,,Static-768,15,101,X25519MLKEM768,True,752.237,631.944,47.865,3892,1505,2387
Mid-range,Mid-range,25.0,128.0,High-latency,,,,,Static-512,15,102,x25519_mlkem512,True,380.644,260.463,56.602,3176,1121,2055
Mid-range,Mid-range,25.0,128.0,High-latency,,,,,Static-768,49,103,X25519MLKEM768,True,382.899,262.608,39.107,3892,1505,2387
Mid-range,Mid-range,25.0,128.0,High-latency,,,,,Static-512,9,104,x25519_mlkem512,True,1128.546,1008.752,50.561,3176,1121,2055
Mid-range,Mid-range,25.0,128.0,High-latency,,,,,Static-768,19,105,X25519MLKEM768,True,383.004,263.221,40.783,3892,1505,2387
Mid-range,Mid-range,25.0,128.0,High-latency,x25519_mlkem512,121.595,122.1567,0.0276,Adaptive,26,106,x25519_mlkem512,True,384.495,259.603,39.769,3176,1121,2055
Mid-range,Mid-range,25.0,128.0,High-latency,,,,,Static-512,46,107,x25519_mlkem512,True,380.658,259.934,43.397,3176,1121,2055
Mid-range,Mid-range,25.0,128.0,High-latency,x25519_mlkem512,121.274,121.9967,0.0291,Adaptive,23,108,x25519_mlkem512,True,380.186,260.526,43.575,3176,1121,2055
Mid-range,Mid-range,25.0,128.0,High-latency,x25519_mlkem512,121.449,122.0667,0.0321,Adaptive,40,109,x25519_mlkem512,True,380.183,260.767,41.792,3176,1121,2055
Mid-range,Mid-range,25.0,128.0,High-latency,,,,,Static-768,14,110,X25519MLKEM768,True,382.547,262.739,42.401,3892,1505,2387
Mid-range,Mid-range,25.0,128.0,High-latency,,,,,Static-1024,40,111,SecP384r1MLKEM1024,True,370.626,279.894,53.665,4886,1954,2932
Mid-range,Mid-range,25.0,128.0,High-latency,,,,,Static-1024,41,112,SecP384r1MLKEM1024,True,369.28,278.236,48.826,4886,1954,2932
Mid-range,Mid-range,25.0,128.0,High-latency,,,,,Static-1024,4,113,SecP384r1MLKEM1024,True,377.787,276.117,51.632,4886,1954,2932
Mid-range,Mid-range,25.0,128.0,High-latency,x25519_mlkem512,121.768,122.3265,0.0268,Adaptive,24,114,x25519_mlkem512,True,374.074,259.314,41.6,3176,1121,2055
Mid-range,Mid-range,25.0,128.0,High-latency,x25519_mlkem512,120.998,121.8734,0.027,Adaptive,20,115,x25519_mlkem512,True,380.841,260.195,40.281,3176,1121,2055
Mid-range,Mid-range,25.0,128.0,High-latency,,,,,Static-1024,9,116,SecP384r1MLKEM1024,True,367.056,275.355,50.319,4886,1954,2932
Mid-range,Mid-range,25.0,128.0,High-latency,,,,,Static-1024,6,117,SecP384r1MLKEM1024,True,539.73,438.839,53.767,4886,1954,2932
Mid-range,Mid-range,25.0,128.0,High-latency,,,,,Static-768,33,118,X25519MLKEM768,True,383.966,263.873,43.135,3892,1505,2387
Mid-range,Mid-range,25.0,128.0,High-latency,,,,,Static-1024,14,119,SecP384r1MLKEM1024,True,387.408,278.212,52.477,4886,1954,2932
Mid-range,Mid-range,25.0,128.0,High-latency,,,,,Static-1024,30,120,SecP384r1MLKEM1024,True,370.533,431.432,51.227,4886,1954,2932
Mid-range,Mid-range,25.0,128.0,High-latency,,,,,Static-512,28,121,x25519_mlkem512,True,380.215,259.848,58.6,3176,1121,2055
Mid-range,Mid-range,25.0,128.0,High-latency,,,,,Static-512,3,122,x25519_mlkem512,True,379.847,259.787,40.835,3176,1121,2055
Mid-range,Mid-range,25.0,128.0,High-latency,,,,,Static-768,4,123,X25519MLKEM768,True,385.605,265.161,43.264,3892,1505,2387
Mid-range,Mid-range,25.0,128.0,High-latency,,,,,Static-512,48,124,x25519_mlkem512,True,379.998,260.094,41.924,3176,1121,2055
Mid-range,Mid-range,25.0,128.0,High-latency,,,,,Static-768,25,125,X25519MLKEM768,True,382.706,263.92,40.23,3892,1505,2387
Mid-range,Mid-range,25.0,128.0,High-latency,,,,,Static-1024,8,126,SecP384r1MLKEM1024,True,381.324,279.409,52.237,4886,1954,2932
Mid-range,Mid-range,25.0,128.0,High-latency,,,,,Static-512,37,127,x25519_mlkem512,True,379.32,259.703,42.59,3176,1121,2055
Mid-range,Mid-range,25.0,128.0,High-latency,,,,,Static-512,12,128,x25519_mlkem512,True,373.92,260.151,39.833,3176,1121,2055
Mid-range,Mid-range,25.0,128.0,High-latency,,,,,Static-512,13,129,x25519_mlkem512,True,374.415,260.366,41.685,3176,1121,2055
Mid-range,Mid-range,25.0,128.0,High-latency,,,,,Static-1024,5,130,SecP384r1MLKEM1024,True,388.204,287.703,50.608,4886,1954,2932
Mid-range,Mid-range,25.0,128.0,High-latency,x25519_mlkem512,121.039,122.046,0.0298,Adaptive,34,131,x25519_mlkem512,True,380.962,260.299,40.401,3176,1121,2055
Mid-range,Mid-range,25.0,128.0,High-latency,,,,,Static-768,9,132,X25519MLKEM768,True,383.224,262.823,38.731,3892,1505,2387
Mid-range,Mid-range,25.0,128.0,High-latency,,,,,Static-1024,19,133,SecP384r1MLKEM1024,True,368.337,276.431,51.052,4886,1954,2932
Mid-range,Mid-range,25.0,128.0,High-latency,x25519_mlkem512,121.137,122.1046,0.0277,Adaptive,46,134,x25519_mlkem512,True,379.545,260.182,40.595,3176,1121,2055
Mid-range,Mid-range,25.0,128.0,High-latency,,,,,Static-768,40,135,X25519MLKEM768,True,383.851,264.431,42.183,3892,1505,2387
Mid-range,Mid-range,25.0,128.0,High-latency,,,,,Static-768,6,136,X25519MLKEM768,True,386.97,263.067,40.447,3892,1505,2387
Mid-range,Mid-range,25.0,128.0,High-latency,,,,,Static-512,18,137,x25519_mlkem512,True,380.518,260.242,42.376,3176,1121,2055
Mid-range,Mid-range,25.0,128.0,High-latency,,,,,Static-1024,31,138,SecP384r1MLKEM1024,True,379.807,279.62,52.336,4886,1954,2932
Mid-range,Mid-range,25.0,128.0,High-latency,x25519_mlkem512,121.474,122.1061,0.0256,Adaptive,14,139,x25519_mlkem512,True,380.069,260.376,42.187,3176,1121,2055
Mid-range,Mid-range,25.0,128.0,High-latency,x25519_mlkem512,121.178,121.8692,0.0258,Adaptive,29,140,x25519_mlkem512,True,378.641,259.641,41.168,3176,1121,2055
Mid-range,Mid-range,25.0,128.0,High-latency,,,,,Static-512,11,141,x25519_mlkem512,True,380.88,261.08,43.048,3176,1121,2055
Mid-range,Mid-range,25.0,128.0,High-latency,,,,,Static-1024,11,142,SecP384r1MLKEM1024,True,379.712,277.89,51.325,4886,1954,2932
Mid-range,Mid-range,25.0,128.0,High-latency,,,,,Static-512,44,143,x25519_mlkem512,True,380.169,259.93,41.391,3176,1121,2055
Mid-range,Mid-range,25.0,128.0,High-latency,x25519_mlkem512,123.357,124.1772,0.0292,Adaptive,17,144,x25519_mlkem512,True,379.92,260.576,41.677,3176,1121,2055
Mid-range,Mid-range,25.0,128.0,High-latency,,,,,Static-1024,37,145,SecP384r1MLKEM1024,True,369.952,277.194,50.65,4886,1954,2932
Mid-range,Mid-range,25.0,128.0,High-latency,,,,,Static-768,41,146,X25519MLKEM768,True,389.339,263.937,41.546,3892,1505,2387
Mid-range,Mid-range,25.0,128.0,High-latency,,,,,Static-1024,33,147,SecP384r1MLKEM1024,True,380.07,278.877,49.695,4886,1954,2932
Mid-range,Mid-range,25.0,128.0,High-latency,,,,,Static-512,23,148,x25519_mlkem512,True,380.681,260.392,38.779,3176,1121,2055
Mid-range,Mid-range,25.0,128.0,High-latency,x25519_mlkem512,121.107,122.7563,0.0256,Adaptive,15,149,x25519_mlkem512,True,385.011,259.872,41.063,3176,1121,2055
Mid-range,Mid-range,25.0,128.0,High-latency,,,,,Static-768,32,150,X25519MLKEM768,True,383.352,263.385,40.155,3892,1505,2387
Mid-range,Mid-range,25.0,128.0,High-latency,,,,,Static-1024,3,151,SecP384r1MLKEM1024,True,379.725,285.41,49.825,4886,1954,2932
Mid-range,Mid-range,25.0,128.0,High-latency,,,,,Static-768,44,152,X25519MLKEM768,True,383.234,262.763,40.854,3892,1505,2387
Mid-range,Mid-range,25.0,128.0,High-latency,x25519_mlkem512,121.417,122.1663,0.0295,Adaptive,35,153,x25519_mlkem512,True,384.503,259.839,41.067,3176,1121,2055
Mid-range,Mid-range,25.0,128.0,High-latency,,,,,Static-1024,49,154,SecP384r1MLKEM1024,True,365.209,298.82,64.717,4886,1954,2932
Mid-range,Mid-range,25.0,128.0,High-latency,,,,,Static-1024,17,155,SecP384r1MLKEM1024,True,369.897,276.397,50.332,4886,1954,2932
Mid-range,Mid-range,25.0,128.0,High-latency,,,,,Static-768,47,156,X25519MLKEM768,True,382.946,262.947,41.625,3892,1505,2387
Mid-range,Mid-range,25.0,128.0,High-latency,x25519_mlkem512,121.264,121.9851,0.0254,Adaptive,16,157,x25519_mlkem512,True,380.834,260.499,38.567,3176,1121,2055
Mid-range,Mid-range,25.0,128.0,High-latency,,,,,Static-768,30,158,X25519MLKEM768,True,383.379,263.333,39.841,3892,1505,2387
Mid-range,Mid-range,25.0,128.0,High-latency,,,,,Static-1024,36,159,SecP384r1MLKEM1024,True,369.82,278.175,49.83,4886,1954,2932
Mid-range,Mid-range,25.0,128.0,High-latency,,,,,Static-512,24,160,x25519_mlkem512,True,380.054,260.226,40.801,3176,1121,2055
Mid-range,Mid-range,25.0,128.0,High-latency,,,,,Static-768,13,161,X25519MLKEM768,True,383.26,262.654,41.524,3892,1505,2387
Mid-range,Mid-range,25.0,128.0,High-latency,x25519_mlkem512,121.268,121.9838,0.0249,Adaptive,4,162,x25519_mlkem512,True,387.166,259.832,42.551,3176,1121,2055
Mid-range,Mid-range,25.0,128.0,High-latency,,,,,Static-768,29,163,X25519MLKEM768,True,382.69,262.981,39.33,3892,1505,2387
Mid-range,Mid-range,25.0,128.0,High-latency,x25519_mlkem512,121.273,122.4651,0.0259,Adaptive,9,164,x25519_mlkem512,True,380.268,260.464,41.697,3176,1121,2055
Mid-range,Mid-range,25.0,128.0,High-latency,,,,,Static-1024,48,165,SecP384r1MLKEM1024,True,370.356,277.432,49.988,4886,1954,2932
Mid-range,Mid-range,25.0,128.0,High-latency,x25519_mlkem512,121.588,122.1982,0.0307,Adaptive,32,166,x25519_mlkem512,True,745.773,626.376,45.881,3176,1121,2055
Mid-range,Mid-range,25.0,128.0,High-latency,,,,,Static-768,38,167,X25519MLKEM768,True,376.145,263.222,41.191,3892,1505,2387
Mid-range,Mid-range,25.0,128.0,High-latency,,,,,Static-768,10,168,X25519MLKEM768,True,382.482,262.625,46.642,3892,1505,2387
Mid-range,Mid-range,25.0,128.0,High-latency,x25519_mlkem512,121.059,121.8577,0.0264,Adaptive,45,169,x25519_mlkem512,True,379.125,260.1,45.328,3176,1121,2055
Mid-range,Mid-range,25.0,128.0,High-latency,,,,,Static-768,23,170,X25519MLKEM768,True,749.739,629.992,45.966,3892,1505,2387
Mid-range,Mid-range,25.0,128.0,High-latency,,,,,Static-512,40,171,x25519_mlkem512,True,380.545,260.475,47.192,3176,1121,2055
Mid-range,Mid-range,25.0,128.0,High-latency,x25519_mlkem512,121.699,122.3515,0.0304,Adaptive,22,172,x25519_mlkem512,True,379.801,414.327,42.799,3176,1121,2055
Mid-range,Mid-range,25.0,128.0,High-latency,,,,,Static-512,17,173,x25519_mlkem512,True,373.281,259.982,40.038,3176,1121,2055
Mid-range,Mid-range,25.0,128.0,High-latency,,,,,Static-512,42,174,x25519_mlkem512,True,379.317,260.154,42.164,3176,1121,2055
Mid-range,Mid-range,25.0,128.0,High-latency,,,,,Static-512,19,175,x25519_mlkem512,True,379.677,259.827,41.098,3176,1121,2055
Mid-range,Mid-range,25.0,128.0,High-latency,x25519_mlkem512,121.033,121.7706,0.0243,Adaptive,11,176,x25519_mlkem512,True,380.914,260.766,39.44,3176,1121,2055
Mid-range,Mid-range,25.0,128.0,High-latency,x25519_mlkem512,121.137,121.8124,0.0286,Adaptive,12,177,x25519_mlkem512,True,380.666,259.836,42.62,3176,1121,2055
Mid-range,Mid-range,25.0,128.0,High-latency,,,,,Static-1024,21,178,SecP384r1MLKEM1024,True,379.821,278.419,48.092,4886,1954,2932
Mid-range,Mid-range,25.0,128.0,High-latency,x25519_mlkem512,121.596,122.1953,0.0259,Adaptive,47,179,x25519_mlkem512,True,379.749,259.309,41.416,3176,1121,2055
Mid-range,Mid-range,25.0,128.0,High-latency,,,,,Static-768,17,180,X25519MLKEM768,True,1005.92,886.723,50.003,3892,1505,2387
Mid-range,Mid-range,25.0,128.0,High-latency,,,,,Static-512,2,181,x25519_mlkem512,True,379.425,260.111,43.703,3176,1121,2055
Mid-range,Mid-range,25.0,128.0,High-latency,,,,,Static-512,39,182,x25519_mlkem512,True,380.285,260.648,43.365,3176,1121,2055
Mid-range,Mid-range,25.0,128.0,High-latency,,,,,Static-1024,45,183,SecP384r1MLKEM1024,True,369.163,278.046,51.417,4886,1954,2932
Mid-range,Mid-range,25.0,128.0,High-latency,,,,,Static-768,28,184,X25519MLKEM768,True,387.047,263.362,40.739,3892,1505,2387
Mid-range,Mid-range,25.0,128.0,High-latency,,,,,Static-512,25,185,x25519_mlkem512,True,386.33,260.417,42.094,3176,1121,2055
Mid-range,Mid-range,25.0,128.0,High-latency,,,,,Static-768,45,186,X25519MLKEM768,True,378.271,263.757,41.708,3892,1505,2387
Mid-range,Mid-range,25.0,128.0,High-latency,x25519_mlkem512,121.534,122.2015,0.0276,Adaptive,38,187,x25519_mlkem512,True,380.683,259.764,39.995,3176,1121,2055
Mid-range,Mid-range,25.0,128.0,High-latency,,,,,Static-512,33,188,x25519_mlkem512,True,380.356,260.941,41.777,3176,1121,2055
Mid-range,Mid-range,25.0,128.0,High-latency,,,,,Static-768,21,189,X25519MLKEM768,True,383.259,262.445,40.654,3892,1505,2387
Mid-range,Mid-range,25.0,128.0,High-latency,,,,,Static-768,8,190,X25519MLKEM768,True,383.291,263.125,41.86,3892,1505,2387
Mid-range,Mid-range,25.0,128.0,High-latency,x25519_mlkem512,120.969,121.6657,0.0246,Adaptive,36,191,x25519_mlkem512,True,379.399,259.613,40.882,3176,1121,2055
Mid-range,Mid-range,25.0,128.0,High-latency,,,,,Static-512,43,192,x25519_mlkem512,True,1791.096,625.34,61.529,3176,1121,2055
Mid-range,Mid-range,25.0,128.0,High-latency,,,,,Static-512,49,193,x25519_mlkem512,True,379.521,260.145,42.784,3176,1121,2055
Mid-range,Mid-range,25.0,128.0,High-latency,,,,,Static-1024,38,194,SecP384r1MLKEM1024,True,379.927,288.402,53.456,4886,1954,2932
Mid-range,Mid-range,25.0,128.0,High-latency,x25519_mlkem512,121.363,122.3314,0.026,Adaptive,44,195,x25519_mlkem512,True,379.584,259.872,40.503,3176,1121,2055
Mid-range,Mid-range,25.0,128.0,High-latency,,,,,Static-512,31,196,x25519_mlkem512,True,379.355,259.733,40.598,3176,1121,2055
Mid-range,Mid-range,25.0,128.0,High-latency,,,,,Static-1024,7,197,SecP384r1MLKEM1024,True,379.169,277.341,49.027,4886,1954,2932
Mid-range,Mid-range,25.0,128.0,High-latency,,,,,Static-768,42,198,X25519MLKEM768,True,382.99,263.275,42.492,3892,1505,2387
Mid-range,Mid-range,25.0,128.0,High-latency,,,,,Static-512,27,199,x25519_mlkem512,True,380.591,260.425,43.015,3176,1121,2055
Constrained,Constrained,10.0,32.0,Low-latency,SecP384r1MLKEM1024,20.695,22.3653,0.0535,Adaptive,13,0,x25519_mlkem512,True,69.944,58.62,47.355,3176,1121,2055
Constrained,Constrained,10.0,32.0,Low-latency,,,,,Static-512,26,1,x25519_mlkem512,True,80.479,69.409,52.077,3176,1121,2055
Constrained,Constrained,10.0,32.0,Low-latency,,,,,Static-1024,34,2,SecP384r1MLKEM1024,True,99.789,79.809,59.891,4886,1954,2932
Constrained,Constrained,10.0,32.0,Low-latency,,,,,Static-768,22,3,X25519MLKEM768,True,78.665,58.463,46.553,3892,1505,2387
Constrained,Constrained,10.0,32.0,Low-latency,,,,,Static-1024,46,4,SecP384r1MLKEM1024,True,90.554,90.674,58.751,4886,1954,2932
Constrained,Constrained,10.0,32.0,Low-latency,,,,,Static-768,46,5,X25519MLKEM768,True,67.929,48.621,51.291,3892,1505,2387
Constrained,Constrained,10.0,32.0,Low-latency,,,,,Static-768,11,6,X25519MLKEM768,True,77.845,58.461,51.835,3892,1505,2387
Constrained,Constrained,10.0,32.0,Low-latency,,,,,Static-512,45,7,x25519_mlkem512,True,60.214,48.845,49.866,3176,1121,2055
Constrained,Constrained,10.0,32.0,Low-latency,,,,,Static-1024,47,8,SecP384r1MLKEM1024,True,80.335,80.406,60.915,4886,1954,2932
Constrained,Constrained,10.0,32.0,Low-latency,SecP384r1MLKEM1024,20.577,21.8955,0.0247,Adaptive,43,9,x25519_mlkem512,True,88.625,69.142,49.744,3176,1121,2055
Constrained,Constrained,10.0,32.0,Low-latency,,,,,Static-768,18,10,X25519MLKEM768,True,60.143,48.464,47.015,3892,1505,2387
Constrained,Constrained,10.0,32.0,Low-latency,,,,,Static-1024,1,11,SecP384r1MLKEM1024,True,89.715,90.143,61.216,4886,1954,2932
Constrained,Constrained,10.0,32.0,Low-latency,SecP384r1MLKEM1024,20.331,21.3774,0.0259,Adaptive,19,12,x25519_mlkem512,True,60.822,49.169,47.573,3176,1121,2055
Constrained,Constrained,10.0,32.0,Low-latency,,,,,Static-1024,16,13,SecP384r1MLKEM1024,True,71.024,71.074,59.932,4886,1954,2932
Constrained,Constrained,10.0,32.0,Low-latency,,,,,Static-512,38,14,x25519_mlkem512,True,68.675,48.324,34.854,3176,1121,2055
Constrained,Constrained,10.0,32.0,Low-latency,,,,,Static-1024,10,15,SecP384r1MLKEM1024,True,90.423,90.196,62.123,4886,1954,2932
Constrained,Constrained,10.0,32.0,Low-latency,,,,,Static-512,50,16,x25519_mlkem512,True,70.044,58.43,49.045,3176,1121,2055
Constrained,Constrained,10.0,32.0,Low-latency,,,,,Static-1024,50,17,SecP384r1MLKEM1024,True,89.657,89.453,55.555,4886,1954,2932
Constrained,Constrained,10.0,32.0,Low-latency,SecP384r1MLKEM1024,20.791,21.3878,0.0258,Adaptive,31,18,x25519_mlkem512,True,70.424,58.079,48.633,3176,1121,2055
Constrained,Constrained,10.0,32.0,Low-latency,SecP384r1MLKEM1024,20.871,21.5592,0.0309,Adaptive,48,19,x25519_mlkem512,True,80.633,68.464,50.104,3176,1121,2055
Constrained,Constrained,10.0,32.0,Low-latency,,,,,Static-768,1,20,X25519MLKEM768,True,60.041,49.11,38.22,3892,1505,2387
Constrained,Constrained,10.0,32.0,Low-latency,,,,,Static-768,34,21,X25519MLKEM768,True,78.108,58.479,47.723,3892,1505,2387
Constrained,Constrained,10.0,32.0,Low-latency,,,,,Static-1024,18,22,SecP384r1MLKEM1024,True,99.359,99.5,61.86,4886,1954,2932
Constrained,Constrained,10.0,32.0,Low-latency,SecP384r1MLKEM1024,21.001,21.5868,0.0253,Adaptive,6,23,x25519_mlkem512,True,67.799,48.496,35.146,3176,1121,2055
Constrained,Constrained,10.0,32.0,Low-latency,SecP384r1MLKEM1024,20.677,22.162,0.028,Adaptive,2,24,x25519_mlkem512,True,68.933,56.841,57.844,3176,1121,2055
Constrained,Constrained,10.0,32.0,Low-latency,SecP384r1MLKEM1024,21.263,22.0137,0.0291,Adaptive,28,25,x25519_mlkem512,True,78.268,58.712,47.973,3176,1121,2055
Constrained,Constrained,10.0,32.0,Low-latency,,,,,Static-512,10,26,x25519_mlkem512,True,68.946,48.999,47.743,3176,1121,2055
Constrained,Constrained,10.0,32.0,Low-latency,SecP384r1MLKEM1024,21.027,21.6219,0.0256,Adaptive,39,27,x25519_mlkem512,True,79.85,72.111,48.619,3176,1121,2055
Constrained,Constrained,10.0,32.0,Low-latency,,,,,Static-768,3,28,X25519MLKEM768,True,69.75,47.923,38.01,3892,1505,2387
Constrained,Constrained,10.0,32.0,Low-latency,,,,,Static-768,5,29,X25519MLKEM768,True,60.757,48.858,44.848,3892,1505,2387
Constrained,Constrained,10.0,32.0,Low-latency,,,,,Static-512,7,30,x25519_mlkem512,True,77.815,57.506,46.265,3176,1121,2055
Constrained,Constrained,10.0,32.0,Low-latency,,,,,Static-1024,12,31,SecP384r1MLKEM1024,True,80.01,79.821,60.395,4886,1954,2932
Constrained,Constrained,10.0,32.0,Low-latency,SecP384r1MLKEM1024,20.537,20.932,0.0245,Adaptive,49,32,x25519_mlkem512,True,64.544,45.859,43.809,3176,1121,2055
Constrained,Constrained,10.0,32.0,Low-latency,,,,,Static-768,50,33,X25519MLKEM768,True,78.488,59.191,65.465,3892,1505,2387
Constrained,Constrained,10.0,32.0,Low-latency,,,,,Static-512,36,34,x25519_mlkem512,True,60.775,48.794,43.345,3176,1121,2055
Constrained,Constrained,10.0,32.0,Low-latency,,,,,Static-1024,29,35,SecP384r1MLKEM1024,True,80.259,80.272,61.54,4886,1954,2932
Constrained,Constrained,10.0,32.0,Low-latency,,,,,Static-512,22,36,x25519_mlkem512,True,67.588,48.082,46.314,3176,1121,2055
Constrained,Constrained,10.0,32.0,Low-latency,,,,,Static-1024,27,37,SecP384r1MLKEM1024,True,89.491,89.207,60.294,4886,1954,2932
Constrained,Constrained,10.0,32.0,Low-latency,,,,,Static-512,6,38,x25519_mlkem512,True,88.327,59.683,41.682,3176,1121,2055
Constrained,Constrained,10.0,32.0,Low-latency,,,,,Static-768,39,39,X25519MLKEM768,True,70.216,59.693,50.404,3892,1505,2387
Constrained,Constrained,10.0,32.0,Low-latency,,,,,Static-768,36,40,X25519MLKEM768,True,59.87,48.62,44.13,3892,1505,2387
Constrained,Constrained,10.0,32.0,Low-latency,,,,,Static-1024,23,41,SecP384r1MLKEM1024,True,79.387,79.312,59.886,4886,1954,2932
Constrained,Constrained,10.0,32.0,Low-latency,,,,,Static-768,12,42,X25519MLKEM768,True,70.423,58.47,47.644,3892,1505,2387
Constrained,Constrained,10.0,32.0,Low-latency,,,,,Static-1024,24,43,SecP384r1MLKEM1024,True,89.167,88.967,59.996,4886,1954,2932
Constrained,Constrained,10.0,32.0,Low-latency,,,,,Static-512,35,44,x25519_mlkem512,True,57.806,45.079,44.488,3176,1121,2055
Constrained,Constrained,10.0,32.0,Low-latency,SecP384r1MLKEM1024,21.061,21.6489,0.0254,Adaptive,21,45,x25519_mlkem512,True,78.708,58.981,47.557,3176,1121,2055
Constrained,Constrained,10.0,32.0,Low-latency,,,,,Static-768,2,46,X25519MLKEM768,True,87.799,58.446,52.015,3892,1505,2387
Constrained,Constrained,10.0,32.0,Low-latency,SecP384r1MLKEM1024,20.765,21.3265,0.0331,Adaptive,7,47,x25519_mlkem512,True,69.852,58.418,51.405,3176,1121,2055
Constrained,Constrained,10.0,32.0,Low-latency,,,,,Static-768,37,48,X25519MLKEM768,True,77.256,57.393,47.79,3892,1505,2387
Constrained,Constrained,10.0,32.0,Low-latency,,,,,Static-512,1,49,x25519_mlkem512,True,56.739,45.016,46.499,3176,1121,2055
Constrained,Constrained,10.0,32.0,Low-latency,,,,,Static-768,31,50,X25519MLKEM768,True,60.769,49.968,47.577,3892,1505,2387
Constrained,Constrained,10.0,32.0,Low-latency,,,,,Static-1024,28,51,SecP384r1MLKEM1024,True,89.771,89.646,60.679,4886,1954,2932
Constrained,Constrained,10.0,32.0,Low-latency,,,,,Static-512,14,52,x25519_mlkem512,True,68.342,48.703,44.353,3176,1121,2055
Constrained,Constrained,10.0,32.0,Low-latency,,,,,Static-1024,22,53,SecP384r1MLKEM1024,True,80.651,80.485,60.243,4886,1954,2932
Constrained,Constrained,10.0,32.0,Low-latency,,,,,Static-512,34,54,x25519_mlkem512,True,67.084,47.507,45.809,3176,1121,2055
Constrained,Constrained,10.0,32.0,Low-latency,,,,,Static-1024,15,55,SecP384r1MLKEM1024,True,90.033,90.008,61.931,4886,1954,2932
Constrained,Constrained,10.0,32.0,Low-latency,SecP384r1MLKEM1024,21.088,21.9266,0.0468,Adaptive,25,56,x25519_mlkem512,True,78.122,58.559,45.388,3176,1121,2055
Constrained,Constrained,10.0,32.0,Low-latency,,,,,Static-768,35,57,X25519MLKEM768,True,59.355,47.518,47.745,3892,1505,2387
Constrained,Constrained,10.0,32.0,Low-latency,,,,,Static-768,27,58,X25519MLKEM768,True,78.737,68.602,47.425,3892,1505,2387
Constrained,Constrained,10.0,32.0,Low-latency,,,,,Static-512,29,59,x25519_mlkem512,True,65.362,45.728,44.662,3176,1121,2055
Constrained,Constrained,10.0,32.0,Low-latency,SecP384r1MLKEM1024,20.816,22.1448,0.1213,Adaptive,18,60,x25519_mlkem512,True,70.685,59.072,47.887,3176,1121,2055
Constrained,Constrained,10.0,32.0,Low-latency,SecP384r1MLKEM1024,21.044,21.7059,0.03,Adaptive,10,61,x25519_mlkem512,True,60.445,48.715,47.367,3176,1121,2055
Constrained,Constrained,10.0,32.0,Low-latency,,,,,Static-768,7,62,X25519MLKEM768,True,79.845,57.07,47.694,3892,1505,2387
Constrained,Constrained,10.0,32.0,Low-latency,,,,,Static-1024,44,63,SecP384r1MLKEM1024,True,89.003,78.611,59.474,4886,1954,2932
Constrained,Constrained,10.0,32.0,Low-latency,,,,,Static-1024,13,64,SecP384r1MLKEM1024,True,79.877,89.184,47.336,4886,1954,2932
Constrained,Constrained,10.0,32.0,Low-latency,,,,,Static-1024,2,65,SecP384r1MLKEM1024,True,118.843,99.395,50.713,4886,1954,2932
Constrained,Constrained,10.0,32.0,Low-latency,,,,,Static-512,20,66,x25519_mlkem512,True,59.806,48.981,48.425,3176,1121,2055
Constrained,Constrained,10.0,32.0,Low-latency,SecP384r1MLKEM1024,20.651,21.751,0.0386,Adaptive,8,67,x25519_mlkem512,True,69.444,58.161,68.371,3176,1121,2055
Constrained,Constrained,10.0,32.0,Low-latency,,,,,Static-512,30,68,x25519_mlkem512,True,70.074,48.67,46.616,3176,1121,2055
Constrained,Constrained,10.0,32.0,Low-latency,,,,,Static-1024,35,69,SecP384r1MLKEM1024,True,90.125,89.979,58.133,4886,1954,2932
Constrained,Constrained,10.0,32.0,Low-latency,,,,,Static-768,16,70,X25519MLKEM768,True,78.283,58.729,46.328,3892,1505,2387
Constrained,Constrained,10.0,32.0,Low-latency,SecP384r1MLKEM1024,21.032,21.7953,0.0195,Adaptive,1,71,x25519_mlkem512,True,59.01,58.412,47.913,3176,1121,2055
Constrained,Constrained,10.0,32.0,Low-latency,SecP384r1MLKEM1024,21.109,21.5947,0.0268,Adaptive,41,72,x25519_mlkem512,True,68.442,49.258,34.555,3176,1121,2055
Constrained,Constrained,10.0,32.0,Low-latency,,,,,Static-512,41,73,x25519_mlkem512,True,60.525,58.447,44.963,3176,1121,2055
Constrained,Constrained,10.0,32.0,Low-latency,,,,,Static-512,47,74,x25519_mlkem512,True,60.501,48.397,47.584,3176,1121,2055
Constrained,Constrained,10.0,32.0,Low-latency,,,,,Static-1024,20,75,SecP384r1MLKEM1024,True,80.863,80.805,58.796,4886,1954,2932
Constrained,Constrained,10.0,32.0,Low-latency,,,,,Static-1024,39,76,SecP384r1MLKEM1024,True,80.064,88.667,57.676,4886,1954,2932
Constrained,Constrained,10.0,32.0,Low-latency,SecP384r1MLKEM1024,20.764,21.7697,0.0256,Adaptive,42,77,x25519_mlkem512,True,60.904,48.525,47.504,3176,1121,2055
Constrained,Constrained,10.0,32.0,Low-latency,,,,,Static-512,32,78,x25519_mlkem512,True,65.072,45.476,48.972,3176,1121,2055
Constrained,Constrained,10.0,32.0,Low-latency,SecP384r1MLKEM1024,21.272,21.8415,0.026,Adaptive,3,79,x25519_mlkem512,True,70.311,57.742,45.106,3176,1121,2055
Constrained,Constrained,10.0,32.0,Low-latency,,,,,Static-1024,42,80,SecP384r1MLKEM1024,True,99.725,99.596,59.045,4886,1954,2932
Constrained,Constrained,10.0,32.0,Low-latency,SecP384r1MLKEM1024,20.85,21.8402,0.0254,Adaptive,5,81,x25519_mlkem512,True,60.984,48.646,46.105,3176,1121,2055
Constrained,Constrained,10.0,32.0,Low-latency,,,,,Static-768,48,82,X25519MLKEM768,True,59.78,48.247,46.556,3892,1505,2387
Constrained,Constrained,10.0,32.0,Low-latency,SecP384r1MLKEM1024,20.725,21.2413,0.0299,Adaptive,50,83,x25519_mlkem512,True,60.248,47.295,48.197,3176,1121,2055
Constrained,Constrained,10.0,32.0,Low-latency,,,,,Static-512,21,84,x25519_mlkem512,True,78.256,58.931,46.919,3176,1121,2055
Constrained,Constrained,10.0,32.0,Low-latency,SecP384r1MLKEM1024,20.76,21.3512,0.0259,Adaptive,27,85,x25519_mlkem512,True,77.636,57.036,47.116,3176,1121,2055
Constrained,Constrained,10.0,32.0,Low-latency,,,,,Static-1024,32,86,SecP384r1MLKEM1024,True,90.08,89.852,60.221,4886,1954,2932
Constrained,Constrained,10.0,32.0,Low-latency,,,,,Static-1024,25,87,SecP384r1MLKEM1024,True,80.031,79.767,56.392,4886,1954,2932
Constrained,Constrained,10.0,32.0,Low-latency,,,,,Static-768,26,88,X25519MLKEM768,True,69.907,58.525,45.823,3892,1505,2387
Constrained,Constrained,10.0,32.0,Low-latency,,,,,Static-768,20,89,X25519MLKEM768,True,77.889,58.723,50.545,3892,1505,2387
Constrained,Constrained,10.0,32.0,Low-latency,SecP384r1MLKEM1024,20.954,21.7077,0.0296,Adaptive,30,90,x25519_mlkem512,True,60.507,58.763,43.731,3176,1121,2055
Constrained,Constrained,10.0,32.0,Low-latency,,,,,Static-512,8,91,x25519_mlkem512,True,49.648,47.842,36.474,3176,1121,2055
Constrained,Constrained,10.0,32.0,Low-latency,,,,,Static-768,24,92,X25519MLKEM768,True,78.761,58.987,48.303,3892,1505,2387
Constrained,Constrained,10.0,32.0,Low-latency,,,,,Static-768,43,93,X25519MLKEM768,True,68.786,49.045,47.671,3892,1505,2387
Constrained,Constrained,10.0,32.0,Low-latency,,,,,Static-512,4,94,x25519_mlkem512,True,61.039,49.348,44.134,3176,1121,2055
Constrained,Constrained,10.0,32.0,Low-latency,,,,,Static-512,5,95,x25519_mlkem512,True,78.338,59.039,51.058,3176,1121,2055
Constrained,Constrained,10.0,32.0,Low-latency,SecP384r1MLKEM1024,20.936,21.5918,0.026,Adaptive,33,96,x25519_mlkem512,True,78.511,58.206,45.913,3176,1121,2055
Constrained,Constrained,10.0,32.0,Low-latency,,,,,Static-1024,43,97,SecP384r1MLKEM1024,True,88.798,79.816,57.533,4886,1954,2932
Constrained,Constrained,10.0,32.0,Low-latency,,,,,Static-512,16,98,x25519_mlkem512,True,87.435,67.978,48.865,3176,1121,2055
Constrained,Constrained,10.0,32.0,Low-latency,,,,,Static-1024,26,99,SecP384r1MLKEM1024,True,80.436,89.113,56.745,4886,1954,2932
Constrained,Constrained,10.0,32.0,Low-latency,SecP384r1MLKEM1024,20.993,21.8837,0.032,Adaptive,37,100,x25519_mlkem512,True,78.461,59.191,45.482,3176,1121,2055
Constrained,Constrained,10.0,32.0,Low-latency,,,,,Static-768,15,101,X25519MLKEM768,True,66.752,47.322,45.74,3892,1505,2387
Constrained,Constrained,10.0,32.0,Low-latency,,,,,Static-512,15,102,x25519_mlkem512,True,59.139,46.723,48.839,3176,1121,2055
Constrained,Constrained,10.0,32.0,Low-latency,,,,,Static-768,49,103,X25519MLKEM768,True,59.975,47.081,47.713,3892,1505,2387
Constrained,Constrained,10.0,32.0,Low-latency,,,,,Static-512,9,104,x25519_mlkem512,True,67.61,48.047,50.449,3176,1121,2055
Constrained,Constrained,10.0,32.0,Low-latency,,,,,Static-768,19,105,X25519MLKEM768,True,70.14,57.506,51.02,3892,1505,2387
Constrained,Constrained,10.0,32.0,Low-latency,SecP384r1MLKEM1024,20.389,22.101,0.0207,Adaptive,26,106,x25519_mlkem512,True,59.827,47.818,47.162,3176,1121,2055
Constrained,Constrained,10.0,32.0,Low-latency,,,,,Static-512,46,107,x25519_mlkem512,True,68.288,48.708,49.752,3176,1121,2055
Constrained,Constrained,10.0,32.0,Low-latency,SecP384r1MLKEM1024,20.75,21.922,0.0254,Adaptive,23,108,x25519_mlkem512,True,68.127,48.112,47.163,3176,1121,2055
Constrained,Constrained,10.0,32.0,Low-latency,SecP384r1MLKEM1024,21.038,21.7545,0.0266,Adaptive,40,109,x25519_mlkem512,True,60.423,48.632,45.442,3176,1121,2055
Constrained,Constrained,10.0,32.0,Low-latency,,,,,Static-768,14,110,X25519MLKEM768,True,78.923,64.65,49.007,3892,1505,2387
Constrained,Constrained,10.0,32.0,Low-latency,,,,,Static-1024,40,111,SecP384r1MLKEM1024,True,109.777,109.564,61.814,4886,1954,2932
Constrained,Constrained,10.0,32.0,Low-latency,,,,,Static-1024,41,112,SecP384r1MLKEM1024,True,89.851,89.751,60.039,4886,1954,2932
Constrained,Constrained,10.0,32.0,Low-latency,,,,,Static-1024,4,113,SecP384r1MLKEM1024,True,88.95,88.875,60.122,4886,1954,2932
Constrained,Constrained,10.0,32.0,Low-latency,SecP384r1MLKEM1024,21.176,22.4078,0.0263,Adaptive,24,114,x25519_mlkem512,True,59.343,47.621,48.001,3176,1121,2055
Constrained,Constrained,10.0,32.0,Low-latency,SecP384r1MLKEM1024,20.698,21.253,0.0273,Adaptive,20,115,x25519_mlkem512,True,77.648,58.199,51.878,3176,1121,2055
Constrained,Constrained,10.0,32.0,Low-latency,,,,,Static-1024,9,116,SecP384r1MLKEM1024,True,99.603,89.587,61.076,4886,1954,2932
Constrained,Constrained,10.0,32.0,Low-latency,,,,,Static-1024,6,117,SecP384r1MLKEM1024,True,89.639,89.533,60.744,4886,1954,2932
Constrained,Constrained,10.0,32.0,Low-latency,,,,,Static-768,33,118,X25519MLKEM768,True,59.735,58.635,45.972,3892,1505,2387
Constrained,Constrained,10.0,32.0,Low-latency,,,,,Static-1024,14,119,SecP384r1MLKEM1024,True,80.231,80.273,59.961,4886,1954,2932
Constrained,Constrained,10.0,32.0,Low-latency,,,,,Static-1024,30,120,SecP384r1MLKEM1024,True,61.053,70.081,55.89,4886,1954,2932
Constrained,Constrained,10.0,32.0,Low-latency,,,,,Static-512,28,121,x25519_mlkem512,True,57.258,44.774,45.193,3176,1121,2055
Constrained,Constrained,10.0,32.0,Low-latency,,,,,Static-512,3,122,x25519_mlkem512,True,70.781,58.47,48.941,3176,1121,2055
Constrained,Constrained,10.0,32.0,Low-latency,,,,,Static-768,4,123,X25519MLKEM768,True,78.631,59.201,48.007,3892,1505,2387
Constrained,Constrained,10.0,32.0,Low-latency,,,,,Static-512,48,124,x25519_mlkem512,True,59.963,48.796,47.5,3176,1121,2055
Constrained,Constrained,10.0,32.0,Low-latency,,,,,Static-768,25,125,X25519MLKEM768,True,76.99,56.891,49.457,3892,1505,2387
Constrained,Constrained,10.0,32.0,Low-latency,,,,,Static-1024,8,126,SecP384r1MLKEM1024,True,79.927,79.217,58.762,4886,1954,2932
Constrained,Constrained,10.0,32.0,Low-latency,,,,,Static-512,37,127,x25519_mlkem512,True,50.703,49.452,53.111,3176,1121,2055
Constrained,Constrained,10.0,32.0,Low-latency,,,,,Static-512,12,128,x25519_mlkem512,True,70.054,58.351,49.181,3176,1121,2055
Constrained,Constrained,10.0,32.0,Low-latency,,,,,Static-512,13,129,x25519_mlkem512,True,79.989,66.239,48.279,3176,1121,2055
Constrained,Constrained,10.0,32.0,Low-latency,,,,,Static-1024,5,130,SecP384r1MLKEM1024,True,79.986,80.269,60.837,4886,1954,2932
Constrained,Constrained,10.0,32.0,Low-latency,SecP384r1MLKEM1024,20.886,21.456,0.0271,Adaptive,34,131,x25519_mlkem512,True,68.183,48.517,47.989,3176,1121,2055
Constrained,Constrained,10.0,32.0,Low-latency,,,,,Static-768,9,132,X25519MLKEM768,True,79.167,59.48,63.164,3892,1505,2387
Constrained,Constrained,10.0,32.0,Low-latency,,,,,Static-1024,19,133,SecP384r1MLKEM1024,True,79.59,79.295,57.055,4886,1954,2932
Constrained,Constrained,10.0,32.0,Low-latency,SecP384r1MLKEM1024,20.535,21.1549,0.0285,Adaptive,46,134,x25519_mlkem512,True,60.336,49.044,48.574,3176,1121,2055
Constrained,Constrained,10.0,32.0,Low-latency,,,,,Static-768,40,135,X25519MLKEM768,True,68.111,48.589,49.586,3892,1505,2387
Constrained,Constrained,10.0,32.0,Low-latency,,,,,Static-768,6,136,X25519MLKEM768,True,60.565,48.029,46.66,3892,1505,2387
Constrained,Constrained,10.0,32.0,Low-latency,,,,,Static-512,18,137,x25519_mlkem512,True,60.373,48.541,47.057,3176,1121,2055
Constrained,Constrained,10.0,32.0,Low-latency,,,,,Static-1024,31,138,SecP384r1MLKEM1024,True,89.315,88.83,61.566,4886,1954,2932
Constrained,Constrained,10.0,32.0,Low-latency,SecP384r1MLKEM1024,21.055,21.7347,0.0258,Adaptive,14,139,x25519_mlkem512,True,77.868,58.329,45.287,3176,1121,2055
Constrained,Constrained,10.0,32.0,Low-latency,SecP384r1MLKEM1024,20.684,21.7455,0.1418,Adaptive,29,140,x25519_mlkem512,True,59.196,44.513,34.911,3176,1121,2055
Constrained,Constrained,10.0,32.0,Low-latency,,,,,Static-512,11,141,x25519_mlkem512,True,68.191,48.704,47.291,3176,1121,2055
Constrained,Constrained,10.0,32.0,Low-latency,,,,,Static-1024,11,142,SecP384r1MLKEM1024,True,90.21,89.964,70.156,4886,1954,2932
Constrained,Constrained,10.0,32.0,Low-latency,,,,,Static-512,44,143,x25519_mlkem512,True,77.582,57.71,50.994,3176,1121,2055
Constrained,Constrained,10.0,32.0,Low-latency,SecP384r1MLKEM1024,20.836,21.3862,0.0253,Adaptive,17,144,x25519_mlkem512,True,60.401,48.302,53.299,3176,1121,2055
Constrained,Constrained,10.0,32.0,Low-latency,,,,,Static-1024,37,145,SecP384r1MLKEM1024,True,108.719,89.172,58.504,4886,1954,2932
Constrained,Constrained,10.0,32.0,Low-latency,,,,,Static-768,41,146,X25519MLKEM768,True,78.198,59.024,49.834,3892,1505,2387
Constrained,Constrained,10.0,32.0,Low-latency,,,,,Static-1024,33,147,SecP384r1MLKEM1024,True,99.827,99.783,57.817,4886,1954,2932
Constrained,Constrained,10.0,32.0,Low-latency,,,,,Static-512,23,148,x25519_mlkem512,True,50.031,47.846,50.31,3176,1121,2055
Constrained,Constrained,10.0,32.0,Low-latency,SecP384r1MLKEM1024,21.053,21.768,0.056,Adaptive,15,149,x25519_mlkem512,True,87.344,67.745,51.106,3176,1121,2055
Constrained,Constrained,10.0,32.0,Low-latency,,,,,Static-768,32,150,X25519MLKEM768,True,68.756,49.333,46.999,3892,1505,2387
Constrained,Constrained,10.0,32.0,Low-latency,,,,,Static-1024,3,151,SecP384r1MLKEM1024,True,109.32,109.247,58.232,4886,1954,2932
Constrained,Constrained,10.0,32.0,Low-latency,,,,,Static-768,44,152,X25519MLKEM768,True,67.792,48.286,47.549,3892,1505,2387
Constrained,Constrained,10.0,32.0,Low-latency,SecP384r1MLKEM1024,21.272,21.8477,0.025,Adaptive,35,153,x25519_mlkem512,True,69.338,58.55,49.71,3176,1121,2055
Constrained,Constrained,10.0,32.0,Low-latency,,,,,Static-1024,49,154,SecP384r1MLKEM1024,True,80.468,88.848,66.026,4886,1954,2932
Constrained,Constrained,10.0,32.0,Low-latency,,,,,Static-1024,17,155,SecP384r1MLKEM1024,True,79.779,79.523,59.037,4886,1954,2932
Constrained,Constrained,10.0,32.0,Low-latency,,,,,Static-768,47,156,X25519MLKEM768,True,50.06,47.869,44.455,3892,1505,2387
Constrained,Constrained,10.0,32.0,Low-latency,SecP384r1MLKEM1024,20.858,21.5489,0.0294,Adaptive,16,157,x25519_mlkem512,True,69.147,49.859,45.092,3176,1121,2055
Constrained,Constrained,10.0,32.0,Low-latency,,,,,Static-768,30,158,X25519MLKEM768,True,79.952,68.419,44.523,3892,1505,2387
Constrained,Constrained,10.0,32.0,Low-latency,,,,,Static-1024,36,159,SecP384r1MLKEM1024,True,99.398,99.053,59.998,4886,1954,2932
Constrained,Constrained,10.0,32.0,Low-latency,,,,,Static-512,24,160,x25519_mlkem512,True,60.143,45.789,47.969,3176,1121,2055
Constrained,Constrained,10.0,32.0,Low-latency,,,,,Static-768,13,161,X25519MLKEM768,True,60.704,48.599,46.512,3892,1505,2387
Constrained,Constrained,10.0,32.0,Low-latency,SecP384r1MLKEM1024,21.257,22.0228,0.0208,Adaptive,4,162,x25519_mlkem512,True,60.923,48.499,48.003,3176,1121,2055
Constrained,Constrained,10.0,32.0,Low-latency,,,,,Static-768,29,163,X25519MLKEM768,True,70.332,58.828,48.311,3892,1505,2387
Constrained,Constrained,10.0,32.0,Low-latency,SecP384r1MLKEM1024,20.837,22.0046,0.0249,Adaptive,9,164,x25519_mlkem512,True,77.671,57.439,48.221,3176,1121,2055
Constrained,Constrained,10.0,32.0,Low-latency,,,,,Static-1024,48,165,SecP384r1MLKEM1024,True,98.65,88.863,60.186,4886,1954,2932
Constrained,Constrained,10.0,32.0,Low-latency,SecP384r1MLKEM1024,20.767,21.3889,0.0222,Adaptive,32,166,x25519_mlkem512,True,60.959,48.193,45.855,3176,1121,2055
Constrained,Constrained,10.0,32.0,Low-latency,,,,,Static-768,38,167,X25519MLKEM768,True,77.031,57.348,40.137,3892,1505,2387
Constrained,Constrained,10.0,32.0,Low-latency,,,,,Static-768,10,168,X25519MLKEM768,True,70.868,58.249,49.422,3892,1505,2387
Constrained,Constrained,10.0,32.0,Low-latency,SecP384r1MLKEM1024,21.039,21.6928,0.0286,Adaptive,45,169,x25519_mlkem512,True,78.511,59.203,46.453,3176,1121,2055
Constrained,Constrained,10.0,32.0,Low-latency,,,,,Static-768,23,170,X25519MLKEM768,True,59.993,47.59,50.885,3892,1505,2387
Constrained,Constrained,10.0,32.0,Low-latency,,,,,Static-512,40,171,x25519_mlkem512,True,59.071,47.735,48.451,3176,1121,2055
Constrained,Constrained,10.0,32.0,Low-latency,SecP384r1MLKEM1024,20.911,21.6247,0.0268,Adaptive,22,172,x25519_mlkem512,True,68.741,49.29,47.604,3176,1121,2055
Constrained,Constrained,10.0,32.0,Low-latency,,,,,Static-512,17,173,x25519_mlkem512,True,66.546,46.758,47.503,3176,1121,2055
Constrained,Constrained,10.0,32.0,Low-latency,,,,,Static-512,42,174,x25519_mlkem512,True,50.443,49.798,45.308,3176,1121,2055
Constrained,Constrained,10.0,32.0,Low-latency,,,,,Static-512,19,175,x25519_mlkem512,True,68.053,49.152,46.098,3176,1121,2055
Constrained,Constrained,10.0,32.0,Low-latency,SecP384r1MLKEM1024,21.005,21.5777,0.0243,Adaptive,11,176,x25519_mlkem512,True,50.2,48.082,49.416,3176,1121,2055
Constrained,Constrained,10.0,32.0,Low-latency,SecP384r1MLKEM1024,21.112,22.3012,0.0241,Adaptive,12,177,x25519_mlkem512,True,88.273,68.717,45.107,3176,1121,2055
Constrained,Constrained,10.0,32.0,Low-latency,,,,,Static-1024,21,178,SecP384r1MLKEM1024,True,90.193,89.558,58.662,4886,1954,2932
Constrained,Constrained,10.0,32.0,Low-latency,SecP384r1MLKEM1024,21.253,21.9794,0.0184,Adaptive,47,179,x25519_mlkem512,True,68.305,48.692,47.647,3176,1121,2055
Constrained,Constrained,10.0,32.0,Low-latency,,,,,Static-768,17,180,X25519MLKEM768,True,68.462,49.488,56.443,3892,1505,2387
Constrained,Constrained,10.0,32.0,Low-latency,,,,,Static-512,2,181,x25519_mlkem512,True,59.838,48.409,49.308,3176,1121,2055
Constrained,Constrained,10.0,32.0,Low-latency,,,,,Static-512,39,182,x25519_mlkem512,True,67.795,47.534,47.25,3176,1121,2055
Constrained,Constrained,10.0,32.0,Low-latency,,,,,Static-1024,45,183,SecP384r1MLKEM1024,True,80.607,80.502,58.71,4886,1954,2932
Constrained,Constrained,10.0,32.0,Low-latency,,,,,Static-768,28,184,X25519MLKEM768,True,78.24,59.033,48.361,3892,1505,2387
Constrained,Constrained,10.0,32.0,Low-latency,,,,,Static-512,25,185,x25519_mlkem512,True,60.236,58.535,46.894,3176,1121,2055
Constrained,Constrained,10.0,32.0,Low-latency,,,,,Static-768,45,186,X25519MLKEM768,True,60.774,59.356,67.749,3892,1505,2387
Constrained,Constrained,10.0,32.0,Low-latency,SecP384r1MLKEM1024,20.715,21.3372,0.0268,Adaptive,38,187,x25519_mlkem512,True,63.908,44.711,42.979,3176,1121,2055
Constrained,Constrained,10.0,32.0,Low-latency,,,,,Static-512,33,188,x25519_mlkem512,True,59.353,48.4,46.598,3176,1121,2055
Constrained,Constrained,10.0,32.0,Low-latency,,,,,Static-768,21,189,X25519MLKEM768,True,78.07,59.071,46.085,3892,1505,2387
Constrained,Constrained,10.0,32.0,Low-latency,,,,,Static-768,8,190,X25519MLKEM768,True,80.621,68.414,43.903,3892,1505,2387
Constrained,Constrained,10.0,32.0,Low-latency,SecP384r1MLKEM1024,20.915,21.8242,0.031,Adaptive,36,191,x25519_mlkem512,True,59.66,48.086,49.758,3176,1121,2055
Constrained,Constrained,10.0,32.0,Low-latency,,,,,Static-512,43,192,x25519_mlkem512,True,60.584,48.878,51.997,3176,1121,2055
Constrained,Constrained,10.0,32.0,Low-latency,,,,,Static-512,49,193,x25519_mlkem512,True,68.165,49.049,53.451,3176,1121,2055
Constrained,Constrained,10.0,32.0,Low-latency,,,,,Static-1024,38,194,SecP384r1MLKEM1024,True,80.124,89.121,53.981,4886,1954,2932
Constrained,Constrained,10.0,32.0,Low-latency,SecP384r1MLKEM1024,20.479,21.1748,0.0234,Adaptive,44,195,x25519_mlkem512,True,87.923,68.3,44.02,3176,1121,2055
Constrained,Constrained,10.0,32.0,Low-latency,,,,,Static-512,31,196,x25519_mlkem512,True,69.172,49.832,41.46,3176,1121,2055
Constrained,Constrained,10.0,32.0,Low-latency,,,,,Static-1024,7,197,SecP384r1MLKEM1024,True,89.948,89.752,63.033,4886,1954,2932
Constrained,Constrained,10.0,32.0,Low-latency,,,,,Static-768,42,198,X25519MLKEM768,True,59.205,46.231,50.47,3892,1505,2387
Constrained,Constrained,10.0,32.0,Low-latency,,,,,Static-512,27,199,x25519_mlkem512,True,69.233,49.711,50.003,3176,1121,2055
Constrained,Constrained,10.0,32.0,Moderate,X25519MLKEM768,71.126,71.8274,0.0281,Adaptive,13,0,x25519_mlkem512,True,190.026,147.994,49.883,3176,1121,2055
Constrained,Constrained,10.0,32.0,Moderate,,,,,Static-512,26,1,x25519_mlkem512,True,209.963,147.868,50.822,3176,1121,2055
Constrained,Constrained,10.0,32.0,Moderate,,,,,Static-1024,34,2,SecP384r1MLKEM1024,True,199.423,198.32,61.566,4886,1954,2932
Constrained,Constrained,10.0,32.0,Moderate,,,,,Static-768,22,3,X25519MLKEM768,True,218.004,148.391,51.109,3892,1505,2387
Constrained,Constrained,10.0,32.0,Moderate,,,,,Static-1024,46,4,SecP384r1MLKEM1024,True,180.609,179.976,65.177,4886,1954,2932
Constrained,Constrained,10.0,32.0,Moderate,,,,,Static-768,46,5,X25519MLKEM768,True,229.091,177.847,55.225,3892,1505,2387
Constrained,Constrained,10.0,32.0,Moderate,,,,,Static-768,11,6,X25519MLKEM768,True,208.94,157.974,56.599,3892,1505,2387
Constrained,Constrained,10.0,32.0,Moderate,,,,,Static-512,45,7,x25519_mlkem512,True,217.8,148.902,52.006,3176,1121,2055
Constrained,Constrained,10.0,32.0,Moderate,,,,,Static-1024,47,8,SecP384r1MLKEM1024,True,190.602,188.949,55.341,4886,1954,2932
Constrained,Constrained,10.0,32.0,Moderate,X25519MLKEM768,71.297,71.9245,0.0289,Adaptive,43,9,x25519_mlkem512,True,218.015,147.475,54.301,3176,1121,2055
Constrained,Constrained,10.0,32.0,Moderate,,,,,Static-768,18,10,X25519MLKEM768,True,227.991,158.242,54.181,3892,1505,2387
Constrained,Constrained,10.0,32.0,Moderate,,,,,Static-1024,1,11,SecP384r1MLKEM1024,True,239.264,238.036,68.342,4886,1954,2932
Constrained,Constrained,10.0,32.0,Moderate,X25519MLKEM768,70.923,71.4278,0.0267,Adaptive,19,12,x25519_mlkem512,True,229.32,178.743,48.211,3176,1121,2055
Constrained,Constrained,10.0,32.0,Moderate,,,,,Static-1024,16,13,SecP384r1MLKEM1024,True,170.991,189.652,56.478,4886,1954,2932
Constrained,Constrained,10.0,32.0,Moderate,,,,,Static-512,38,14,x25519_mlkem512,True,217.506,147.386,50.192,3176,1121,2055
Constrained,Constrained,10.0,32.0,Moderate,,,,,Static-1024,10,15,SecP384r1MLKEM1024,True,190.405,189.481,57.905,4886,1954,2932
Constrained,Constrained,10.0,32.0,Moderate,,,,,Static-512,50,16,x25519_mlkem512,True,218.257,148.695,45.257,3176,1121,2055
Constrained,Constrained,10.0,32.0,Moderate,,,,,Static-1024,50,17,SecP384r1MLKEM1024,True,180.819,179.672,56.334,4886,1954,2932
Constrained,Constrained,10.0,32.0,Moderate,X25519MLKEM768,70.844,71.6081,0.0237,Adaptive,31,18,x25519_mlkem512,True,230.267,166.687,52.305,3176,1121,2055
Constrained,Constrained,10.0,32.0,Moderate,X25519MLKEM768,70.851,72.1064,0.0193,Adaptive,48,19,x25519_mlkem512,True,219.056,149.605,48.605,3176,1121,2055
Constrained,Constrained,10.0,32.0,Moderate,,,,,Static-768,1,20,X25519MLKEM768,True,209.463,157.414,50.725,3892,1505,2387
Constrained,Constrained,10.0,32.0,Moderate,,,,,Static-768,34,21,X25519MLKEM768,True,217.745,148.482,52.615,3892,1505,2387
Constrained,Constrained,10.0,32.0,Moderate,,,,,Static-1024,18,22,SecP384r1MLKEM1024,True,190.564,198.38,63.819,4886,1954,2932
Constrained,Constrained,10.0,32.0,Moderate,X25519MLKEM768,71.388,72.0712,0.0234,Adaptive,6,23,x25519_mlkem512,True,219.633,149.981,61.705,3176,1121,2055
Constrained,Constrained,10.0,32.0,Moderate,X25519MLKEM768,70.989,71.6093,0.0274,Adaptive,2,24,x25519_mlkem512,True,218.235,148.247,44.649,3176,1121,2055
Constrained,Constrained,10.0,32.0,Moderate,X25519MLKEM768,71.529,72.492,0.0259,Adaptive,28,25,x25519_mlkem512,True,209.306,149.088,41.793,3176,1121,2055
Constrained,Constrained,10.0,32.0,Moderate,,,,,Static-512,10,26,x25519_mlkem512,True,217.484,148.171,45.785,3176,1121,2055
Constrained,Constrained,10.0,32.0,Moderate,X25519MLKEM768,71.086,71.9902,0.0252,Adaptive,39,27,x25519_mlkem512,True,228.746,159.067,52.028,3176,1121,2055
Constrained,Constrained,10.0,32.0,Moderate,,,,,Static-768,3,28,X25519MLKEM768,True,237.74,158.628,55.329,3892,1505,2387
Constrained,Constrained,10.0,32.0,Moderate,,,,,Static-768,5,29,X25519MLKEM768,True,218.361,148.751,48.226,3892,1505,2387
Constrained,Constrained,10.0,32.0,Moderate,,,,,Static-512,7,30,x25519_mlkem512,True,1257.864,156.327,66.548,3176,1121,2055
Constrained,Constrained,10.0,32.0,Moderate,,,,,Static-1024,12,31,SecP384r1MLKEM1024,True,209.642,208.827,65.149,4886,1954,2932
Constrained,Constrained,10.0,32.0,Moderate,X25519MLKEM768,71.081,71.7172,0.0264,Adaptive,49,32,x25519_mlkem512,True,218.56,148.997,56.806,3176,1121,2055
Constrained,Constrained,10.0,32.0,Moderate,,,,,Static-768,50,33,X25519MLKEM768,True,228.92,157.156,61.085,3892,1505,2387
Constrained,Constrained,10.0,32.0,Moderate,,,,,Static-512,36,34,x25519_mlkem512,True,219.201,149.923,59.939,3176,1121,2055
Constrained,Constrained,10.0,32.0,Moderate,,,,,Static-1024,29,35,SecP384r1MLKEM1024,True,189.951,188.251,63.676,4886,1954,2932
Constrained,Constrained,10.0,32.0,Moderate,,,,,Static-512,22,36,x25519_mlkem512,True,210.926,147.73,56.031,3176,1121,2055
Constrained,Constrained,10.0,32.0,Moderate,,,,,Static-1024,27,37,SecP384r1MLKEM1024,True,179.784,178.846,56.208,4886,1954,2932
Constrained,Constrained,10.0,32.0,Moderate,,,,,Static-512,6,38,x25519_mlkem512,True,220.696,158.056,53.976,3176,1121,2055
Constrained,Constrained,10.0,32.0,Moderate,,,,,Static-768,39,39,X25519MLKEM768,True,283.037,218.208,61.568,3892,1505,2387
Constrained,Constrained,10.0,32.0,Moderate,,,,,Static-768,36,40,X25519MLKEM768,True,209.954,148.314,45.178,3892,1505,2387
Constrained,Constrained,10.0,32.0,Moderate,,,,,Static-1024,23,41,SecP384r1MLKEM1024,True,168.424,179.142,65.148,4886,1954,2932
Constrained,Constrained,10.0,32.0,Moderate,,,,,Static-768,12,42,X25519MLKEM768,True,228.186,158.836,45.231,3892,1505,2387
Constrained,Constrained,10.0,32.0,Moderate,,,,,Static-1024,24,43,SecP384r1MLKEM1024,True,191.096,198.499,71.955,4886,1954,2932
Constrained,Constrained,10.0,32.0,Moderate,,,,,Static-512,35,44,x25519_mlkem512,True,228.387,158.589,54.82,3176,1121,2055
Constrained,Constrained,10.0,32.0,Moderate,X25519MLKEM768,70.964,72.7425,0.0202,Adaptive,21,45,x25519_mlkem512,True,190.9,147.827,49.709,3176,1121,2055
Constrained,Constrained,10.0,32.0,Moderate,,,,,Static-768,2,46,X25519MLKEM768,True,209.836,147.835,52.844,3892,1505,2387
Constrained,Constrained,10.0,32.0,Moderate,X25519MLKEM768,71.795,72.7295,0.028,Adaptive,7,47,x25519_mlkem512,True,240.148,157.467,57.496,3176,1121,2055
Constrained,Constrained,10.0,32.0,Moderate,,,,,Static-768,37,48,X25519MLKEM768,True,210.189,149.212,40.179,3892,1505,2387
Constrained,Constrained,10.0,32.0,Moderate,,,,,Static-512,1,49,x25519_mlkem512,True,230.35,168.869,53.145,3176,1121,2055
Constrained,Constrained,10.0,32.0,Moderate,,,,,Static-768,31,50,X25519MLKEM768,True,227.201,157.699,45.731,3892,1505,2387
Constrained,Constrained,10.0,32.0,Moderate,,,,,Static-1024,28,51,SecP384r1MLKEM1024,True,170.522,177.913,64.442,4886,1954,2932
Constrained,Constrained,10.0,32.0,Moderate,,,,,Static-512,14,52,x25519_mlkem512,True,217.981,148.302,53.653,3176,1121,2055
Constrained,Constrained,10.0,32.0,Moderate,,,,,Static-1024,22,53,SecP384r1MLKEM1024,True,199.908,198.762,57.636,4886,1954,2932
Constrained,Constrained,10.0,32.0,Moderate,,,,,Static-512,34,54,x25519_mlkem512,True,217.755,147.213,58.285,3176,1121,2055
Constrained,Constrained,10.0,32.0,Moderate,,,,,Static-1024,15,55,SecP384r1MLKEM1024,True,190.821,189.789,69.603,4886,1954,2932
Constrained,Constrained,10.0,32.0,Moderate,X25519MLKEM768,71.041,71.6243,0.0248,Adaptive,25,56,x25519_mlkem512,True,239.867,174.42,73.444,3176,1121,2055
Constrained,Constrained,10.0,32.0,Moderate,,,,,Static-768,35,57,X25519MLKEM768,True,218.327,148.113,55.798,3892,1505,2387
Constrained,Constrained,10.0,32.0,Moderate,,,,,Static-768,27,58,X25519MLKEM768,True,238.544,168.606,53.586,3892,1505,2387
Constrained,Constrained,10.0,32.0,Moderate,,,,,Static-512,29,59,x25519_mlkem512,True,210.988,149.391,57.129,3176,1121,2055
Constrained,Constrained,10.0,32.0,Moderate,X25519MLKEM768,71.022,71.6037,0.0235,Adaptive,18,60,x25519_mlkem512,True,210.487,147.893,51.465,3176,1121,2055
Constrained,Constrained,10.0,32.0,Moderate,X25519MLKEM768,71.114,71.6511,0.0494,Adaptive,10,61,x25519_mlkem512,True,211.347,148.203,48.953,3176,1121,2055
Constrained,Constrained,10.0,32.0,Moderate,,,,,Static-768,7,62,X25519MLKEM768,True,210.064,156.541,54.216,3892,1505,2387
Constrained,Constrained,10.0,32.0,Moderate,,,,,Static-1024,44,63,SecP384r1MLKEM1024,True,200.965,199.645,64.244,4886,1954,2932
Constrained,Constrained,10.0,32.0,Moderate,,,,,Static-1024,13,64,SecP384r1MLKEM1024,True,199.753,198.781,67.873,4886,1954,2932
Constrained,Constrained,10.0,32.0,Moderate,,,,,Static-1024,2,65,SecP384r1MLKEM1024,True,209.855,209.011,79.935,4886,1954,2932
Constrained,Constrained,10.0,32.0,Moderate,,,,,Static-512,20,66,x25519_mlkem512,True,217.379,147.842,55.318,3176,1121,2055
Constrained,Constrained,10.0,32.0,Moderate,X25519MLKEM768,71.903,73.25,0.0263,Adaptive,8,67,x25519_mlkem512,True,226.96,156.851,54.616,3176,1121,2055
Constrained,Constrained,10.0,32.0,Moderate,,,,,Static-512,30,68,x25519_mlkem512,True,238.359,168.28,56.85,3176,1121,2055
Constrained,Constrained,10.0,32.0,Moderate,,,,,Static-1024,35,69,SecP384r1MLKEM1024,True,1169.972,178.891,78.793,4886,1954,2932
Constrained,Constrained,10.0,32.0,Moderate,,,,,Static-768,16,70,X25519MLKEM768,True,200.742,148.117,53.347,3892,1505,2387
Constrained,Constrained,10.0,32.0,Moderate,X25519MLKEM768,70.403,71.6537,0.0192,Adaptive,1,71,x25519_mlkem512,True,210.117,148.345,54.858,3176,1121,2055
Constrained,Constrained,10.0,32.0,Moderate,X25519MLKEM768,70.583,72.1613,0.0253,Adaptive,41,72,x25519_mlkem512,True,218.738,149.698,54.31,3176,1121,2055
Constrained,Constrained,10.0,32.0,Moderate,,,,,Static-512,41,73,x25519_mlkem512,True,218.4,148.471,54.437,3176,1121,2055
Constrained,Constrained,10.0,32.0,Moderate,,,,,Static-512,47,74,x25519_mlkem512,True,217.784,147.991,49.491,3176,1121,2055
Constrained,Constrained,10.0,32.0,Moderate,,,,,Static-1024,20,75,SecP384r1MLKEM1024,True,199.938,198.648,67.976,4886,1954,2932
Constrained,Constrained,10.0,32.0,Moderate,,,,,Static-1024,39,76,SecP384r1MLKEM1024,True,200.004,199.03,63.268,4886,1954,2932
Constrained,Constrained,10.0,32.0,Moderate,X25519MLKEM768,71.155,71.9425,0.0255,Adaptive,42,77,x25519_mlkem512,True,190.091,149.618,57.745,3176,1121,2055
Constrained,Constrained,10.0,32.0,Moderate,,,,,Static-512,32,78,x25519_mlkem512,True,200.084,148.167,54.458,3176,1121,2055
Constrained,Constrained,10.0,32.0,Moderate,X25519MLKEM768,71.114,71.92,0.0258,Adaptive,3,79,x25519_mlkem512,True,219.517,157.66,54.192,3176,1121,2055
Constrained,Constrained,10.0,32.0,Moderate,,,,,Static-1024,42,80,SecP384r1MLKEM1024,True,190.356,198.345,63.846,4886,1954,2932
Constrained,Constrained,10.0,32.0,Moderate,X25519MLKEM768,71.662,72.2301,0.0257,Adaptive,5,81,x25519_mlkem512,True,210.991,148.641,54.479,3176,1121,2055
Constrained,Constrained,10.0,32.0,Moderate,,,,,Static-768,48,82,X25519MLKEM768,True,209.829,148.085,42.99,3892,1505,2387
Constrained,Constrained,10.0,32.0,Moderate,X25519MLKEM768,71.323,72.0233,0.0321,Adaptive,50,83,x25519_mlkem512,True,227.483,158.29,45.658,3176,1121,2055
Constrained,Constrained,10.0,32.0,Moderate,,,,,Static-512,21,84,x25519_mlkem512,True,220.834,158.34,50.518,3176,1121,2055
Constrained,Constrained,10.0,32.0,Moderate,X25519MLKEM768,70.742,71.244,0.0246,Adaptive,27,85,x25519_mlkem512,True,229.944,167.124,56.359,3176,1121,2055
Constrained,Constrained,10.0,32.0,Moderate,,,,,Static-1024,32,86,SecP384r1MLKEM1024,True,189.973,179.818,59.966,4886,1954,2932
Constrained,Constrained,10.0,32.0,Moderate,,,,,Static-1024,25,87,SecP384r1MLKEM1024,True,199.71,189.996,62.588,4886,1954,2932
Constrained,Constrained,10.0,32.0,Moderate,,,,,Static-768,26,88,X25519MLKEM768,True,217.711,148.071,50.468,3892,1505,2387
Constrained,Constrained,10.0,32.0,Moderate,,,,,Static-768,20,89,X25519MLKEM768,True,219.023,149.494,56.443,3892,1505,2387
Constrained,Constrained,10.0,32.0,Moderate,X25519MLKEM768,70.724,71.451,0.0235,Adaptive,30,90,x25519_mlkem512,True,197.966,147.075,49.768,3176,1121,2055
Constrained,Constrained,10.0,32.0,Moderate,,,,,Static-512,8,91,x25519_mlkem512,True,217.956,147.161,48.181,3176,1121,2055
Constrained,Constrained,10.0,32.0,Moderate,,,,,Static-768,24,92,X25519MLKEM768,True,228.394,158.929,56.129,3892,1505,2387
Constrained,Constrained,10.0,32.0,Moderate,,,,,Static-768,43,93,X25519MLKEM768,True,238.026,168.814,50.629,3892,1505,2387
Constrained,Constrained,10.0,32.0,Moderate,,,,,Static-512,4,94,x25519_mlkem512,True,209.782,148.113,49.302,3176,1121,2055
Constrained,Constrained,10.0,32.0,Moderate,,,,,Static-512,5,95,x25519_mlkem512,True,219.895,148.192,51.409,3176,1121,2055
Constrained,Constrained,10.0,32.0,Moderate,X25519MLKEM768,70.498,71.7124,0.0261,Adaptive,33,96,x25519_mlkem512,True,229.992,168.015,49.028,3176,1121,2055
Constrained,Constrained,10.0,32.0,Moderate,,,,,Static-1024,43,97,SecP384r1MLKEM1024,True,679.427,552.033,168.541,4886,1954,2932
Constrained,Constrained,10.0,32.0,Moderate,,,,,Static-512,16,98,x25519_mlkem512,True,228.877,159.338,55.481,3176,1121,2055
Constrained,Constrained,10.0,32.0,Moderate,,,,,Static-1024,26,99,SecP384r1MLKEM1024,True,209.811,208.89,61.558,4886,1954,2932
Constrained,Constrained,10.0,32.0,Moderate,X25519MLKEM768,70.837,71.4152,0.0252,Adaptive,37,100,x25519_mlkem512,True,1560.236,1488.833,196.437,3176,1121,2055
Constrained,Constrained,10.0,32.0,Moderate,,,,,Static-768,15,101,X25519MLKEM768,True,209.7,148.015,54.361,3892,1505,2387
Constrained,Constrained,10.0,32.0,Moderate,,,,,Static-512,15,102,x25519_mlkem512,True,218.901,149.39,53.347,3176,1121,2055
Constrained,Constrained,10.0,32.0,Moderate,,,,,Static-768,49,103,X25519MLKEM768,True,209.458,147.705,50.987,3892,1505,2387
Constrained,Constrained,10.0,32.0,Moderate,,,,,Static-512,9,104,x25519_mlkem512,True,217.955,148.721,50.708,3176,1121,2055
Constrained,Constrained,10.0,32.0,Moderate,,,,,Static-768,19,105,X25519MLKEM768,True,200.51,149.076,43.696,3892,1505,2387
Constrained,Constrained,10.0,32.0,Moderate,X25519MLKEM768,71.095,71.7733,0.0252,Adaptive,26,106,x25519_mlkem512,True,210.49,158.953,50.277,3176,1121,2055
Constrained,Constrained,10.0,32.0,Moderate,,,,,Static-512,46,107,x25519_mlkem512,True,210.114,148.326,46.24,3176,1121,2055
Constrained,Constrained,10.0,32.0,Moderate,X25519MLKEM768,70.578,71.7329,0.0266,Adaptive,23,108,x25519_mlkem512,True,210.247,148.868,53.641,3176,1121,2055
Constrained,Constrained,10.0,32.0,Moderate,X25519MLKEM768,70.693,71.6953,0.0272,Adaptive,40,109,x25519_mlkem512,True,200.186,149.158,49.951,3176,1121,2055
Constrained,Constrained,10.0,32.0,Moderate,,,,,Static-768,14,110,X25519MLKEM768,True,218.188,148.73,50.801,3892,1505,2387
Constrained,Constrained,10.0,32.0,Moderate,,,,,Static-1024,40,111,SecP384r1MLKEM1024,True,179.821,178.695,69.895,4886,1954,2932
Constrained,Constrained,10.0,32.0,Moderate,,,,,Static-1024,41,112,SecP384r1MLKEM1024,True,170.224,169.198,64.249,4886,1954,2932
Constrained,Constrained,10.0,32.0,Moderate,,,,,Static-1024,4,113,SecP384r1MLKEM1024,True,180.342,188.715,59.873,4886,1954,2932
Constrained,Constrained,10.0,32.0,Moderate,X25519MLKEM768,70.872,71.4389,0.0254,Adaptive,24,114,x25519_mlkem512,True,219.922,148.266,52.977,3176,1121,2055
Constrained,Constrained,10.0,32.0,Moderate,X25519MLKEM768,70.634,72.2195,0.0251,Adaptive,20,115,x25519_mlkem512,True,209.686,160.38,45.511,3176,1121,2055
Constrained,Constrained,10.0,32.0,Moderate,,,,,Static-1024,9,116,SecP384r1MLKEM1024,True,199.48,179.36,56.737,4886,1954,2932
Constrained,Constrained,10.0,32.0,Moderate,,,,,Static-1024,6,117,SecP384r1MLKEM1024,True,189.648,188.62,64.909,4886,1954,2932
Constrained,Constrained,10.0,32.0,Moderate,,,,,Static-768,33,118,X25519MLKEM768,True,210.667,148.702,49.322,3892,1505,2387
Constrained,Constrained,10.0,32.0,Moderate,,,,,Static-1024,14,119,SecP384r1MLKEM1024,True,199.701,198.801,57.507,4886,1954,2932
Constrained,Constrained,10.0,32.0,Moderate,,,,,Static-1024,30,120,SecP384r1MLKEM1024,True,200.776,199.923,64.855,4886,1954,2932
Constrained,Constrained,10.0,32.0,Moderate,,,,,Static-512,28,121,x25519_mlkem512,True,210.812,148.474,52.224,3176,1121,2055
Constrained,Constrained,10.0,32.0,Moderate,,,,,Static-512,3,122,x25519_mlkem512,True,238.191,169.02,50.018,3176,1121,2055
Constrained,Constrained,10.0,32.0,Moderate,,,,,Static-768,4,123,X25519MLKEM768,True,210.323,149.137,52.247,3892,1505,2387
Constrained,Constrained,10.0,32.0,Moderate,,,,,Static-512,48,124,x25519_mlkem512,True,210.494,148.555,45.446,3176,1121,2055
Constrained,Constrained,10.0,32.0,Moderate,,,,,Static-768,25,125,X25519MLKEM768,True,210.723,148.437,49.282,3892,1505,2387
Constrained,Constrained,10.0,32.0,Moderate,,,,,Static-1024,8,126,SecP384r1MLKEM1024,True,200.22,199.004,68.368,4886,1954,2932
Constrained,Constrained,10.0,32.0,Moderate,,,,,Static-512,37,127,x25519_mlkem512,True,211.018,149.123,47.725,3176,1121,2055
Constrained,Constrained,10.0,32.0,Moderate,,,,,Static-512,12,128,x25519_mlkem512,True,217.886,148.772,46.816,3176,1121,2055
Constrained,Constrained,10.0,32.0,Moderate,,,,,Static-512,13,129,x25519_mlkem512,True,229.341,159.632,51.509,3176,1121,2055
Constrained,Constrained,10.0,32.0,Moderate,,,,,Static-1024,5,130,SecP384r1MLKEM1024,True,180.189,179.206,68.595,4886,1954,2932
Constrained,Constrained,10.0,32.0,Moderate,X25519MLKEM768,70.798,71.4289,0.0286,Adaptive,34,131,x25519_mlkem512,True,217.675,148.905,47.619,3176,1121,2055
Constrained,Constrained,10.0,32.0,Moderate,,,,,Static-768,9,132,X25519MLKEM768,True,219.554,168.392,48.163,3892,1505,2387
Constrained,Constrained,10.0,32.0,Moderate,,,,,Static-1024,19,133,SecP384r1MLKEM1024,True,179.225,178.284,67.053,4886,1954,2932
Constrained,Constrained,10.0,32.0,Moderate,X25519MLKEM768,71.115,72.2088,0.0211,Adaptive,46,134,x25519_mlkem512,True,228.052,158.326,59.388,3176,1121,2055
Constrained,Constrained,10.0,32.0,Moderate,,,,,Static-768,40,135,X25519MLKEM768,True,209.139,148.561,45.462,3892,1505,2387
Constrained,Constrained,10.0,32.0,Moderate,,,,,Static-768,6,136,X25519MLKEM768,True,217.735,148.466,50.242,3892,1505,2387
Constrained,Constrained,10.0,32.0,Moderate,,,,,Static-512,18,137,x25519_mlkem512,True,220.388,156.763,50.625,3176,1121,2055
Constrained,Constrained,10.0,32.0,Moderate,,,,,Static-1024,31,138,SecP384r1MLKEM1024,True,199.048,197.853,55.351,4886,1954,2932
Constrained,Constrained,10.0,32.0,Moderate,X25519MLKEM768,70.793,71.3734,0.0248,Adaptive,14,139,x25519_mlkem512,True,228.424,158.355,48.35,3176,1121,2055
Constrained,Constrained,10.0,32.0,Moderate,X25519MLKEM768,70.82,71.4077,0.0731,Adaptive,29,140,x25519_mlkem512,True,210.036,148.436,53.236,3176,1121,2055
Constrained,Constrained,10.0,32.0,Moderate,,,,,Static-512,11,141,x25519_mlkem512,True,210.831,148.425,54.062,3176,1121,2055
Constrained,Constrained,10.0,32.0,Moderate,,,,,Static-1024,11,142,SecP384r1MLKEM1024,True,189.428,188.344,64.978,4886,1954,2932
Constrained,Constrained,10.0,32.0,Moderate,,,,,Static-512,44,143,x25519_mlkem512,True,236.927,168.187,47.572,3176,1121,2055
Constrained,Constrained,10.0,32.0,Moderate,X25519MLKEM768,70.905,71.5931,0.054,Adaptive,17,144,x25519_mlkem512,True,210.003,158.536,55.93,3176,1121,2055
Constrained,Constrained,10.0,32.0,Moderate,,,,,Static-1024,37,145,SecP384r1MLKEM1024,True,170.786,179.249,58.474,4886,1954,2932
Constrained,Constrained,10.0,32.0,Moderate,,,,,Static-768,41,146,X25519MLKEM768,True,201.035,147.967,49.478,3892,1505,2387
Constrained,Constrained,10.0,32.0,Moderate,,,,,Static-1024,33,147,SecP384r1MLKEM1024,True,180.959,179.733,70.909,4886,1954,2932
Constrained,Constrained,10.0,32.0,Moderate,,,,,Static-512,23,148,x25519_mlkem512,True,217.823,148.607,47.887,3176,1121,2055
Constrained,Constrained,10.0,32.0,Moderate,X25519MLKEM768,70.524,71.0286,0.029,Adaptive,15,149,x25519_mlkem512,True,219.582,157.77,55.738,3176,1121,2055
Constrained,Constrained,10.0,32.0,Moderate,,,,,Static-768,32,150,X25519MLKEM768,True,228.928,176.842,52.582,3892,1505,2387
Constrained,Constrained,10.0,32.0,Moderate,,,,,Static-1024,3,151,SecP384r1MLKEM1024,True,200.107,199.015,72.459,4886,1954,2932
Constrained,Constrained,10.0,32.0,Moderate,,,,,Static-768,44,152,X25519MLKEM768,True,210.093,148.188,46.468,3892,1505,2387
Constrained,Constrained,10.0,32.0,Moderate,X25519MLKEM768,70.789,71.3057,0.0234,Adaptive,35,153,x25519_mlkem512,True,239.228,169.124,52.107,3176,1121,2055
Constrained,Constrained,10.0,32.0,Moderate,,,,,Static-1024,49,154,SecP384r1MLKEM1024,True,190.322,197.827,61.75,4886,1954,2932
Constrained,Constrained,10.0,32.0,Moderate,,,,,Static-1024,17,155,SecP384r1MLKEM1024,True,190.734,189.627,63.384,4886,1954,2932
Constrained,Constrained,10.0,32.0,Moderate,,,,,Static-768,47,156,X25519MLKEM768,True,279.895,218.0,57.471,3892,1505,2387
Constrained,Constrained,10.0,32.0,Moderate,X25519MLKEM768,70.898,71.5038,0.0251,Adaptive,16,157,x25519_mlkem512,True,208.355,147.631,46.321,3176,1121,2055
Constrained,Constrained,10.0,32.0,Moderate,,,,,Static-768,30,158,X25519MLKEM768,True,200.842,148.625,59.287,3892,1505,2387
Constrained,Constrained,10.0,32.0,Moderate,,,,,Static-1024,36,159,SecP384r1MLKEM1024,True,179.497,178.608,52.795,4886,1954,2932
Constrained,Constrained,10.0,32.0,Moderate,,,,,Static-512,24,160,x25519_mlkem512,True,210.827,149.526,56.797,3176,1121,2055
Constrained,Constrained,10.0,32.0,Moderate,,,,,Static-768,13,161,X25519MLKEM768,True,229.139,159.134,44.352,3892,1505,2387
Constrained,Constrained,10.0,32.0,Moderate,X25519MLKEM768,70.647,71.1831,0.0293,Adaptive,4,162,x25519_mlkem512,True,219.56,148.553,57.654,3176,1121,2055
Constrained,Constrained,10.0,32.0,Moderate,,,,,Static-768,29,163,X25519MLKEM768,True,220.623,155.431,56.429,3892,1505,2387
Constrained,Constrained,10.0,32.0,Moderate,X25519MLKEM768,70.606,71.1525,0.0256,Adaptive,9,164,x25519_mlkem512,True,237.42,167.999,56.794,3176,1121,2055
Constrained,Constrained,10.0,32.0,Moderate,,,,,Static-1024,48,165,SecP384r1MLKEM1024,True,189.851,188.917,73.487,4886,1954,2932
Constrained,Constrained,10.0,32.0,Moderate,X25519MLKEM768,71.471,72.0811,0.0283,Adaptive,32,166,x25519_mlkem512,True,221.165,157.99,53.696,3176,1121,2055
Constrained,Constrained,10.0,32.0,Moderate,,,,,Static-768,38,167,X25519MLKEM768,True,219.485,150.041,54.388,3892,1505,2387
Constrained,Constrained,10.0,32.0,Moderate,,,,,Static-768,10,168,X25519MLKEM768,True,229.122,168.409,51.361,3892,1505,2387
Constrained,Constrained,10.0,32.0,Moderate,X25519MLKEM768,71.071,71.6318,0.0249,Adaptive,45,169,x25519_mlkem512,True,237.927,167.941,53.143,3176,1121,2055
Constrained,Constrained,10.0,32.0,Moderate,,,,,Static-768,23,170,X25519MLKEM768,True,229.617,167.313,52.276,3892,1505,2387
Constrained,Constrained,10.0,32.0,Moderate,,,,,Static-512,40,171,x25519_mlkem512,True,209.514,158.576,51.73,3176,1121,2055
Constrained,Constrained,10.0,32.0,Moderate,X25519MLKEM768,71.053,71.8571,0.0254,Adaptive,22,172,x25519_mlkem512,True,220.118,156.316,51.859,3176,1121,2055
Constrained,Constrained,10.0,32.0,Moderate,,,,,Static-512,17,173,x25519_mlkem512,True,229.999,168.446,56.838,3176,1121,2055
Constrained,Constrained,10.0,32.0,Moderate,,,,,Static-512,42,174,x25519_mlkem512,True,219.367,158.293,57.099,3176,1121,2055
Constrained,Constrained,10.0,32.0,Moderate,,,,,Static-512,19,175,x25519_mlkem512,True,209.179,147.704,52.455,3176,1121,2055
Constrained,Constrained,10.0,32.0,Moderate,X25519MLKEM768,70.945,71.5112,0.0265,Adaptive,11,176,x25519_mlkem512,True,218.461,148.901,55.036,3176,1121,2055
Constrained,Constrained,10.0,32.0,Moderate,X25519MLKEM768,70.763,71.3233,0.0236,Adaptive,12,177,x25519_mlkem512,True,210.329,148.308,46.066,3176,1121,2055
Constrained,Constrained,10.0,32.0,Moderate,,,,,Static-1024,21,178,SecP384r1MLKEM1024,True,209.08,207.994,66.781,4886,1954,2932
Constrained,Constrained,10.0,32.0,Moderate,X25519MLKEM768,70.911,71.4742,0.0249,Adaptive,47,179,x25519_mlkem512,True,217.977,148.623,46.814,3176,1121,2055
Constrained,Constrained,10.0,32.0,Moderate,,,,,Static-768,17,180,X25519MLKEM768,True,200.885,148.398,54.216,3892,1505,2387
Constrained,Constrained,10.0,32.0,Moderate,,,,,Static-512,2,181,x25519_mlkem512,True,210.542,148.217,53.136,3176,1121,2055
Constrained,Constrained,10.0,32.0,Moderate,,,,,Static-512,39,182,x25519_mlkem512,True,218.371,148.568,54.999,3176,1121,2055
Constrained,Constrained,10.0,32.0,Moderate,,,,,Static-1024,45,183,SecP384r1MLKEM1024,True,170.23,179.077,50.161,4886,1954,2932
Constrained,Constrained,10.0,32.0,Moderate,,,,,Static-768,28,184,X25519MLKEM768,True,209.754,149.207,54.792,3892,1505,2387
Constrained,Constrained,10.0,32.0,Moderate,,,,,Static-512,25,185,x25519_mlkem512,True,217.857,148.531,43.215,3176,1121,2055
Constrained,Constrained,10.0,32.0,Moderate,,,,,Static-768,45,186,X25519MLKEM768,True,217.674,148.292,45.094,3892,1505,2387
Constrained,Constrained,10.0,32.0,Moderate,X25519MLKEM768,70.335,71.2412,0.0474,Adaptive,38,187,x25519_mlkem512,True,210.417,149.026,45.734,3176,1121,2055
Constrained,Constrained,10.0,32.0,Moderate,,,,,Static-512,33,188,x25519_mlkem512,True,219.422,149.924,47.611,3176,1121,2055
Constrained,Constrained,10.0,32.0,Moderate,,,,,Static-768,21,189,X25519MLKEM768,True,210.735,148.229,46.684,3892,1505,2387
Constrained,Constrained,10.0,32.0,Moderate,,,,,Static-768,8,190,X25519MLKEM768,True,229.298,167.659,49.054,3892,1505,2387
Constrained,Constrained,10.0,32.0,Moderate,X25519MLKEM768,71.149,72.4677,0.0253,Adaptive,36,191,x25519_mlkem512,True,248.052,168.798,46.273,3176,1121,2055
Constrained,Constrained,10.0,32.0,Moderate,,,,,Static-512,43,192,x25519_mlkem512,True,218.383,149.063,54.991,3176,1121,2055
Constrained,Constrained,10.0,32.0,Moderate,,,,,Static-512,49,193,x25519_mlkem512,True,237.634,167.574,43.131,3176,1121,2055
Constrained,Constrained,10.0,32.0,Moderate,,,,,Static-1024,38,194,SecP384r1MLKEM1024,True,1209.532,178.488,63.167,4886,1954,2932
Constrained,Constrained,10.0,32.0,Moderate,X25519MLKEM768,70.66,72.2574,0.028,Adaptive,44,195,x25519_mlkem512,True,209.365,147.859,48.157,3176,1121,2055
Constrained,Constrained,10.0,32.0,Moderate,,,,,Static-512,31,196,x25519_mlkem512,True,227.88,158.158,58.867,3176,1121,2055
Constrained,Constrained,10.0,32.0,Moderate,,,,,Static-1024,7,197,SecP384r1MLKEM1024,True,189.933,188.998,71.03,4886,1954,2932
Constrained,Constrained,10.0,32.0,Moderate,,,,,Static-768,42,198,X25519MLKEM768,True,218.545,149.115,49.481,3892,1505,2387
Constrained,Constrained,10.0,32.0,Moderate,,,,,Static-512,27,199,x25519_mlkem512,True,209.963,147.522,46.515,3176,1121,2055
Constrained,Constrained,10.0,32.0,High-latency,x25519_mlkem512,121.465,122.5356,0.038,Adaptive,13,0,x25519_mlkem512,True,398.723,287.677,60.463,3176,1121,2055
Constrained,Constrained,10.0,32.0,High-latency,,,,,Static-512,26,1,x25519_mlkem512,True,379.582,267.422,55.543,3176,1121,2055
Constrained,Constrained,10.0,32.0,High-latency,,,,,Static-1024,34,2,SecP384r1MLKEM1024,True,330.798,308.126,66.961,4886,1954,2932
Constrained,Constrained,10.0,32.0,High-latency,,,,,Static-768,22,3,X25519MLKEM768,True,400.287,286.705,43.031,3892,1505,2387
Constrained,Constrained,10.0,32.0,High-latency,,,,,Static-1024,46,4,SecP384r1MLKEM1024,True,320.661,308.809,70.569,4886,1954,2932
Constrained,Constrained,10.0,32.0,High-latency,,,,,Static-768,46,5,X25519MLKEM768,True,379.547,266.343,51.596,3892,1505,2387
Constrained,Constrained,10.0,32.0,High-latency,,,,,Static-768,11,6,X25519MLKEM768,True,389.561,278.31,51.719,3892,1505,2387
Constrained,Constrained,10.0,32.0,High-latency,,,,,Static-512,45,7,x25519_mlkem512,True,407.832,287.941,59.737,3176,1121,2055
Constrained,Constrained,10.0,32.0,High-latency,,,,,Static-1024,47,8,SecP384r1MLKEM1024,True,460.051,463.762,76.864,4886,1954,2932
Constrained,Constrained,10.0,32.0,High-latency,x25519_mlkem512,121.093,121.7876,0.0263,Adaptive,43,9,x25519_mlkem512,True,447.438,327.819,63.335,3176,1121,2055
Constrained,Constrained,10.0,32.0,High-latency,,,,,Static-768,18,10,X25519MLKEM768,True,1420.432,275.679,90.416,3892,1505,2387
Constrained,Constrained,10.0,32.0,High-latency,,,,,Static-1024,1,11,SecP384r1MLKEM1024,True,359.296,308.186,72.666,4886,1954,2932
Constrained,Constrained,10.0,32.0,High-latency,x25519_mlkem512,121.163,121.62,0.0251,Adaptive,19,12,x25519_mlkem512,True,390.749,278.365,56.027,3176,1121,2055
Constrained,Constrained,10.0,32.0,High-latency,,,,,Static-1024,16,13,SecP384r1MLKEM1024,True,319.566,306.983,59.638,4886,1954,2932
Constrained,Constrained,10.0,32.0,High-latency,,,,,Static-512,38,14,x25519_mlkem512,True,393.636,272.459,70.799,3176,1121,2055
Constrained,Constrained,10.0,32.0,High-latency,,,,,Static-1024,10,15,SecP384r1MLKEM1024,True,331.127,308.623,69.427,4886,1954,2932
Constrained,Constrained,10.0,32.0,High-latency,,,,,Static-512,50,16,x25519_mlkem512,True,407.563,287.272,57.869,3176,1121,2055
Constrained,Constrained,10.0,32.0,High-latency,,,,,Static-1024,50,17,SecP384r1MLKEM1024,True,728.999,687.696,73.614,4886,1954,2932
Constrained,Constrained,10.0,32.0,High-latency,x25519_mlkem512,121.378,121.8875,0.0236,Adaptive,31,18,x25519_mlkem512,True,390.139,277.332,67.894,3176,1121,2055
Constrained,Constrained,10.0,32.0,High-latency,x25519_mlkem512,121.729,122.3465,0.0255,Adaptive,48,19,x25519_mlkem512,True,407.609,288.27,54.765,3176,1121,2055
Constrained,Constrained,10.0,32.0,High-latency,,,,,Static-768,1,20,X25519MLKEM768,True,397.685,277.755,55.563,3892,1505,2387
Constrained,Constrained,10.0,32.0,High-latency,,,,,Static-768,34,21,X25519MLKEM768,True,379.982,267.186,46.725,3892,1505,2387
Constrained,Constrained,10.0,32.0,High-latency,,,,,Static-1024,18,22,SecP384r1MLKEM1024,True,360.224,308.859,53.882,4886,1954,2932
Constrained,Constrained,10.0,32.0,High-latency,x25519_mlkem512,121.712,122.3022,0.0292,Adaptive,6,23,x25519_mlkem512,True,372.855,260.574,61.046,3176,1121,2055
Constrained,Constrained,10.0,32.0,High-latency,x25519_mlkem512,121.302,122.4544,0.0199,Adaptive,2,24,x25519_mlkem512,True,1421.346,1318.098,81.401,3176,1121,2055
Constrained,Constrained,10.0,32.0,High-latency,x25519_mlkem512,121.394,122.0576,0.0239,Adaptive,28,25,x25519_mlkem512,True,390.06,276.901,63.462,3176,1121,2055
Constrained,Constrained,10.0,32.0,High-latency,,,,,Static-512,10,26,x25519_mlkem512,True,750.924,630.611,62.936,3176,1121,2055
Constrained,Constrained,10.0,32.0,High-latency,x25519_mlkem512,121.547,122.2401,0.0298,Adaptive,39,27,x25519_mlkem512,True,397.966,277.995,54.736,3176,1121,2055
Constrained,Constrained,10.0,32.0,High-latency,,,,,Static-768,3,28,X25519MLKEM768,True,398.111,272.76,61.683,3892,1505,2387
Constrained,Constrained,10.0,32.0,High-latency,,,,,Static-768,5,29,X25519MLKEM768,True,397.207,268.822,54.947,3892,1505,2387
Constrained,Constrained,10.0,32.0,High-latency,,,,,Static-512,7,30,x25519_mlkem512,True,399.834,286.761,56.402,3176,1121,2055
Constrained,Constrained,10.0,32.0,High-latency,,,,,Static-1024,12,31,SecP384r1MLKEM1024,True,320.194,308.074,67.664,4886,1954,2932
Constrained,Constrained,10.0,32.0,High-latency,x25519_mlkem512,121.39,122.1063,0.0288,Adaptive,49,32,x25519_mlkem512,True,389.867,288.087,75.465,3176,1121,2055
Constrained,Constrained,10.0,32.0,High-latency,,,,,Static-768,50,33,X25519MLKEM768,True,390.075,267.008,59.194,3892,1505,2387
Constrained,Constrained,10.0,32.0,High-latency,,,,,Static-512,36,34,x25519_mlkem512,True,379.814,266.937,60.904,3176,1121,2055
Constrained,Constrained,10.0,32.0,High-latency,,,,,Static-1024,29,35,SecP384r1MLKEM1024,True,720.013,687.956,80.193,4886,1954,2932
Constrained,Constrained,10.0,32.0,High-latency,,,,,Static-512,22,36,x25519_mlkem512,True,388.871,269.017,57.246,3176,1121,2055
Constrained,Constrained,10.0,32.0,High-latency,,,,,Static-1024,27,37,SecP384r1MLKEM1024,True,359.531,328.414,57.565,4886,1954,2932
Constrained,Constrained,10.0,32.0,High-latency,,,,,Static-512,6,38,x25519_mlkem512,True,388.37,268.817,55.035,3176,1121,2055
Constrained,Constrained,10.0,32.0,High-latency,,,,,Static-768,39,39,X25519MLKEM768,True,390.015,278.397,53.504,3892,1505,2387
Constrained,Constrained,10.0,32.0,High-latency,,,,,Static-768,36,40,X25519MLKEM768,True,389.944,276.543,48.524,3892,1505,2387
Constrained,Constrained,10.0,32.0,High-latency,,,,,Static-1024,23,41,SecP384r1MLKEM1024,True,479.814,474.436,86.461,4886,1954,2932
Constrained,Constrained,10.0,32.0,High-latency,,,,,Static-768,12,42,X25519MLKEM768,True,400.47,288.325,63.147,3892,1505,2387
Constrained,Constrained,10.0,32.0,High-latency,,,,,Static-1024,24,43,SecP384r1MLKEM1024,True,320.021,305.952,71.716,4886,1954,2932
Constrained,Constrained,10.0,32.0,High-latency,,,,,Static-512,35,44,x25519_mlkem512,True,418.954,298.15,59.164,3176,1121,2055
Constrained,Constrained,10.0,32.0,High-latency,x25519_mlkem512,121.389,122.0976,0.0281,Adaptive,21,45,x25519_mlkem512,True,380.53,268.353,58.581,3176,1121,2055
Constrained,Constrained,10.0,32.0,High-latency,,,,,Static-768,2,46,X25519MLKEM768,True,418.654,298.802,56.445,3892,1505,2387
Constrained,Constrained,10.0,32.0,High-latency,x25519_mlkem512,120.939,121.7573,0.0248,Adaptive,7,47,x25519_mlkem512,True,407.106,277.682,62.499,3176,1121,2055
Constrained,Constrained,10.0,32.0,High-latency,,,,,Static-768,37,48,X25519MLKEM768,True,389.968,276.832,57.156,3892,1505,2387
Constrained,Constrained,10.0,32.0,High-latency,,,,,Static-512,1,49,x25519_mlkem512,True,387.844,267.528,56.467,3176,1121,2055
Constrained,Constrained,10.0,32.0,High-latency,,,,,Static-768,31,50,X25519MLKEM768,True,799.735,688.477,66.081,3892,1505,2387
Constrained,Constrained,10.0,32.0,High-latency,,,,,Static-1024,28,51,SecP384r1MLKEM1024,True,349.958,326.827,69.447,4886,1954,2932
Constrained,Constrained,10.0,32.0,High-latency,,,,,Static-512,14,52,x25519_mlkem512,True,397.481,277.122,58.004,3176,1121,2055
Constrained,Constrained,10.0,32.0,High-latency,,,,,Static-1024,22,53,SecP384r1MLKEM1024,True,700.501,667.893,68.657,4886,1954,2932
Constrained,Constrained,10.0,32.0,High-latency,,,,,Static-512,34,54,x25519_mlkem512,True,370.213,268.526,58.466,3176,1121,2055
Constrained,Constrained,10.0,32.0,High-latency,,,,,Static-1024,15,55,SecP384r1MLKEM1024,True,349.949,317.548,67.178,4886,1954,2932
Constrained,Constrained,10.0,32.0,High-latency,x25519_mlkem512,121.262,122.2113,0.0273,Adaptive,25,56,x25519_mlkem512,True,369.076,265.803,56.22,3176,1121,2055
Constrained,Constrained,10.0,32.0,High-latency,,,,,Static-768,35,57,X25519MLKEM768,True,380.119,262.931,51.703,3892,1505,2387
Constrained,Constrained,10.0,32.0,High-latency,,,,,Static-768,27,58,X25519MLKEM768,True,387.397,266.985,52.524,3892,1505,2387
Constrained,Constrained,10.0,32.0,High-latency,,,,,Static-512,29,59,x25519_mlkem512,True,380.081,267.702,50.89,3176,1121,2055
Constrained,Constrained,10.0,32.0,High-latency,x25519_mlkem512,121.107,121.6602,0.0247,Adaptive,18,60,x25519_mlkem512,True,397.431,277.842,51.504,3176,1121,2055
Constrained,Constrained,10.0,32.0,High-latency,x25519_mlkem512,120.951,122.5611,0.0277,Adaptive,10,61,x25519_mlkem512,True,383.778,260.167,56.245,3176,1121,2055
Constrained,Constrained,10.0,32.0,High-latency,,,,,Static-768,7,62,X25519MLKEM768,True,390.215,278.395,54.084,3892,1505,2387
Constrained,Constrained,10.0,32.0,High-latency,,,,,Static-1024,44,63,SecP384r1MLKEM1024,True,330.288,297.983,65.526,4886,1954,2932
Constrained,Constrained,10.0,32.0,High-latency,,,,,Static-1024,13,64,SecP384r1MLKEM1024,True,1359.517,307.303,81.689,4886,1954,2932
Constrained,Constrained,10.0,32.0,High-latency,,,,,Static-1024,2,65,SecP384r1MLKEM1024,True,379.446,324.269,64.042,4886,1954,2932
Constrained,Constrained,10.0,32.0,High-latency,,,,,Static-512,20,66,x25519_mlkem512,True,379.969,260.637,53.662,3176,1121,2055
Constrained,Constrained,10.0,32.0,High-latency,x25519_mlkem512,120.942,121.9841,0.0314,Adaptive,8,67,x25519_mlkem512,True,389.631,278.057,56.365,3176,1121,2055
Constrained,Constrained,10.0,32.0,High-latency,,,,,Static-512,30,68,x25519_mlkem512,True,389.639,277.17,53.857,3176,1121,2055
Constrained,Constrained,10.0,32.0,High-latency,,,,,Static-1024,35,69,SecP384r1MLKEM1024,True,299.602,294.2,67.8,4886,1954,2932
Constrained,Constrained,10.0,32.0,High-latency,,,,,Static-768,16,70,X25519MLKEM768,True,387.735,268.622,53.585,3892,1505,2387
Constrained,Constrained,10.0,32.0,High-latency,x25519_mlkem512,121.355,122.0194,0.0297,Adaptive,1,71,x25519_mlkem512,True,397.562,277.368,54.936,3176,1121,2055
Constrained,Constrained,10.0,32.0,High-latency,x25519_mlkem512,121.221,121.9185,0.0252,Adaptive,41,72,x25519_mlkem512,True,760.29,646.85,58.123,3176,1121,2055
Constrained,Constrained,10.0,32.0,High-latency,,,,,Static-512,41,73,x25519_mlkem512,True,1410.756,261.786,67.263,3176,1121,2055
Constrained,Constrained,10.0,32.0,High-latency,,,,,Static-512,47,74,x25519_mlkem512,True,380.769,277.901,53.727,3176,1121,2055
Constrained,Constrained,10.0,32.0,High-latency,,,,,Static-1024,20,75,SecP384r1MLKEM1024,True,349.545,317.117,65.162,4886,1954,2932
Constrained,Constrained,10.0,32.0,High-latency,,,,,Static-1024,39,76,SecP384r1MLKEM1024,True,327.898,307.903,66.199,4886,1954,2932
Constrained,Constrained,10.0,32.0,High-latency,x25519_mlkem512,121.574,122.1861,0.028,Adaptive,42,77,x25519_mlkem512,True,380.517,268.932,62.329,3176,1121,2055
Constrained,Constrained,10.0,32.0,High-latency,,,,,Static-512,32,78,x25519_mlkem512,True,388.136,268.36,41.651,3176,1121,2055
Constrained,Constrained,10.0,32.0,High-latency,x25519_mlkem512,121.435,122.1411,0.0242,Adaptive,3,79,x25519_mlkem512,True,363.604,260.199,53.6,3176,1121,2055
Constrained,Constrained,10.0,32.0,High-latency,,,,,Static-1024,42,80,SecP384r1MLKEM1024,True,681.062,306.771,57.447,4886,1954,2932
Constrained,Constrained,10.0,32.0,High-latency,x25519_mlkem512,121.42,122.1975,0.0284,Adaptive,5,81,x25519_mlkem512,True,388.481,263.908,55.711,3176,1121,2055
Constrained,Constrained,10.0,32.0,High-latency,,,,,Static-768,48,82,X25519MLKEM768,True,778.169,813.649,60.737,3892,1505,2387
Constrained,Constrained,10.0,32.0,High-latency,x25519_mlkem512,121.675,122.2511,0.0265,Adaptive,50,83,x25519_mlkem512,True,350.679,267.808,55.402,3176,1121,2055
Constrained,Constrained,10.0,32.0,High-latency,,,,,Static-512,21,84,x25519_mlkem512,True,380.852,266.859,74.351,3176,1121,2055
Constrained,Constrained,10.0,32.0,High-latency,x25519_mlkem512,122.353,122.9026,0.0259,Adaptive,27,85,x25519_mlkem512,True,397.669,278.246,54.155,3176,1121,2055
Constrained,Constrained,10.0,32.0,High-latency,,,,,Static-1024,32,86,SecP384r1MLKEM1024,True,321.334,295.013,63.036,4886,1954,2932
Constrained,Constrained,10.0,32.0,High-latency,,,,,Static-1024,25,87,SecP384r1MLKEM1024,True,368.904,318.335,54.394,4886,1954,2932
Constrained,Constrained,10.0,32.0,High-latency,,,,,Static-768,26,88,X25519MLKEM768,True,380.889,267.635,53.239,3892,1505,2387
Constrained,Constrained,10.0,32.0,High-latency,,,,,Static-768,20,89,X25519MLKEM768,True,388.007,268.008,53.895,3892,1505,2387
Constrained,Constrained,10.0,32.0,High-latency,x25519_mlkem512,121.188,122.3602,0.0254,Adaptive,30,90,x25519_mlkem512,True,407.552,287.403,54.68,3176,1121,2055
Constrained,Constrained,10.0,32.0,High-latency,,,,,Static-512,8,91,x25519_mlkem512,True,387.67,267.032,55.946,3176,1121,2055
Constrained,Constrained,10.0,32.0,High-latency,,,,,Static-768,24,92,X25519MLKEM768,True,375.417,262.452,55.32,3892,1505,2387
Constrained,Constrained,10.0,32.0,High-latency,,,,,Static-768,43,93,X25519MLKEM768,True,389.848,277.953,53.916,3892,1505,2387
Constrained,Constrained,10.0,32.0,High-latency,,,,,Static-512,4,94,x25519_mlkem512,True,370.536,267.762,54.821,3176,1121,2055
Constrained,Constrained,10.0,32.0,High-latency,,,,,Static-512,5,95,x25519_mlkem512,True,373.85,261.16,54.091,3176,1121,2055
Constrained,Constrained,10.0,32.0,High-latency,x25519_mlkem512,120.734,122.0338,0.028,Adaptive,33,96,x25519_mlkem512,True,387.708,267.404,49.931,3176,1121,2055
Constrained,Constrained,10.0,32.0,High-latency,,,,,Static-1024,43,97,SecP384r1MLKEM1024,True,359.918,318.736,76.791,4886,1954,2932
Constrained,Constrained,10.0,32.0,High-latency,,,,,Static-512,16,98,x25519_mlkem512,True,390.058,263.486,67.371,3176,1121,2055
Constrained,Constrained,10.0,32.0,High-latency,,,,,Static-1024,26,99,SecP384r1MLKEM1024,True,350.011,318.03,52.13,4886,1954,2932
Constrained,Constrained,10.0,32.0,High-latency,x25519_mlkem512,120.924,121.9597,0.0537,Adaptive,37,100,x25519_mlkem512,True,399.305,286.977,54.84,3176,1121,2055
Constrained,Constrained,10.0,32.0,High-latency,,,,,Static-768,15,101,X25519MLKEM768,True,387.815,267.958,54.564,3892,1505,2387
Constrained,Constrained,10.0,32.0,High-latency,,,,,Static-512,15,102,x25519_mlkem512,True,389.518,276.1,53.394,3176,1121,2055
Constrained,Constrained,10.0,32.0,High-latency,,,,,Static-768,49,103,X25519MLKEM768,True,406.823,277.192,53.963,3892,1505,2387
Constrained,Constrained,10.0,32.0,High-latency,,,,,Static-512,9,104,x25519_mlkem512,True,380.251,266.862,52.938,3176,1121,2055
Constrained,Constrained,10.0,32.0,High-latency,,,,,Static-768,19,105,X25519MLKEM768,True,379.844,276.919,55.69,3892,1505,2387
Constrained,Constrained,10.0,32.0,High-latency,x25519_mlkem512,121.356,122.0741,0.0296,Adaptive,26,106,x25519_mlkem512,True,399.463,286.997,56.885,3176,1121,2055
Constrained,Constrained,10.0,32.0,High-latency,,,,,Static-512,46,107,x25519_mlkem512,True,385.833,265.98,70.82,3176,1121,2055
Constrained,Constrained,10.0,32.0,High-latency,x25519_mlkem512,121.448,122.1119,0.0253,Adaptive,23,108,x25519_mlkem512,True,830.421,718.601,61.13,3176,1121,2055
Constrained,Constrained,10.0,32.0,High-latency,x25519_mlkem512,121.264,121.9583,0.0258,Adaptive,40,109,x25519_mlkem512,True,371.914,259.922,51.628,3176,1121,2055
Constrained,Constrained,10.0,32.0,High-latency,,,,,Static-768,14,110,X25519MLKEM768,True,749.501,636.974,59.992,3892,1505,2387
Constrained,Constrained,10.0,32.0,High-latency,,,,,Static-1024,40,111,SecP384r1MLKEM1024,True,331.039,299.004,67.373,4886,1954,2932
Constrained,Constrained,10.0,32.0,High-latency,,,,,Static-1024,41,112,SecP384r1MLKEM1024,True,1420.062,724.965,80.706,4886,1954,2932
Constrained,Constrained,10.0,32.0,High-latency,,,,,Static-1024,4,113,SecP384r1MLKEM1024,True,339.45,308.117,64.403,4886,1954,2932
Constrained,Constrained,10.0,32.0,High-latency,x25519_mlkem512,121.303,122.0774,0.0282,Adaptive,24,114,x25519_mlkem512,True,379.831,266.877,52.431,3176,1121,2055
Constrained,Constrained,10.0,32.0,High-latency,x25519_mlkem512,121.452,122.316,0.0298,Adaptive,20,115,x25519_mlkem512,True,380.51,264.322,55.443,3176,1121,2055
Constrained,Constrained,10.0,32.0,High-latency,,,,,Static-1024,9,116,SecP384r1MLKEM1024,True,309.84,297.308,66.133,4886,1954,2932
Constrained,Constrained,10.0,32.0,High-latency,,,,,Static-1024,6,117,SecP384r1MLKEM1024,True,340.631,306.223,62.353,4886,1954,2932
Constrained,Constrained,10.0,32.0,High-latency,,,,,Static-768,33,118,X25519MLKEM768,True,379.768,266.594,54.542,3892,1505,2387
Constrained,Constrained,10.0,32.0,High-latency,,,,,Static-1024,14,119,SecP384r1MLKEM1024,True,349.425,314.504,79.407,4886,1954,2932
Constrained,Constrained,10.0,32.0,High-latency,,,,,Static-1024,30,120,SecP384r1MLKEM1024,True,359.2,327.938,66.807,4886,1954,2932
Constrained,Constrained,10.0,32.0,High-latency,,,,,Static-512,28,121,x25519_mlkem512,True,379.454,275.792,64.344,3176,1121,2055
Constrained,Constrained,10.0,32.0,High-latency,,,,,Static-512,3,122,x25519_mlkem512,True,1399.481,272.177,68.308,3176,1121,2055
Constrained,Constrained,10.0,32.0,High-latency,,,,,Static-768,4,123,X25519MLKEM768,True,387.959,267.985,55.864,3892,1505,2387
Constrained,Constrained,10.0,32.0,High-latency,,,,,Static-512,48,124,x25519_mlkem512,True,1379.943,261.652,66.241,3176,1121,2055
Constrained,Constrained,10.0,32.0,High-latency,,,,,Static-768,25,125,X25519MLKEM768,True,397.467,277.276,52.436,3892,1505,2387
Constrained,Constrained,10.0,32.0,High-latency,,,,,Static-1024,8,126,SecP384r1MLKEM1024,True,340.774,307.086,64.559,4886,1954,2932
Constrained,Constrained,10.0,32.0,High-latency,,,,,Static-512,37,127,x25519_mlkem512,True,389.56,277.607,52.068,3176,1121,2055
Constrained,Constrained,10.0,32.0,High-latency,,,,,Static-512,12,128,x25519_mlkem512,True,396.854,276.814,54.802,3176,1121,2055
Constrained,Constrained,10.0,32.0,High-latency,,,,,Static-512,13,129,x25519_mlkem512,True,370.046,266.706,56.139,3176,1121,2055
Constrained,Constrained,10.0,32.0,High-latency,,,,,Static-1024,5,130,SecP384r1MLKEM1024,True,320.817,297.966,73.476,4886,1954,2932
Constrained,Constrained,10.0,32.0,High-latency,x25519_mlkem512,121.378,122.0143,0.0296,Adaptive,34,131,x25519_mlkem512,True,390.035,278.318,54.605,3176,1121,2055
Constrained,Constrained,10.0,32.0,High-latency,,,,,Static-768,9,132,X25519MLKEM768,True,390.884,277.754,55.849,3892,1505,2387
Constrained,Constrained,10.0,32.0,High-latency,,,,,Static-1024,19,133,SecP384r1MLKEM1024,True,349.264,306.389,63.545,4886,1954,2932
Constrained,Constrained,10.0,32.0,High-latency,x25519_mlkem512,120.859,121.5581,0.0248,Adaptive,46,134,x25519_mlkem512,True,747.432,634.902,60.4,3176,1121,2055
Constrained,Constrained,10.0,32.0,High-latency,,,,,Static-768,40,135,X25519MLKEM768,True,387.399,267.345,51.265,3892,1505,2387
Constrained,Constrained,10.0,32.0,High-latency,,,,,Static-768,6,136,X25519MLKEM768,True,380.011,276.512,55.778,3892,1505,2387
Constrained,Constrained,10.0,32.0,High-latency,,,,,Static-512,18,137,x25519_mlkem512,True,389.667,277.463,55.39,3176,1121,2055
Constrained,Constrained,10.0,32.0,High-latency,,,,,Static-1024,31,138,SecP384r1MLKEM1024,True,349.409,317.031,63.082,4886,1954,2932
Constrained,Constrained,10.0,32.0,High-latency,x25519_mlkem512,121.535,122.2343,0.0276,Adaptive,14,139,x25519_mlkem512,True,379.835,267.081,53.714,3176,1121,2055
Constrained,Constrained,10.0,32.0,High-latency,x25519_mlkem512,121.513,122.2166,0.0281,Adaptive,29,140,x25519_mlkem512,True,380.683,267.889,52.376,3176,1121,2055
Constrained,Constrained,10.0,32.0,High-latency,,,,,Static-512,11,141,x25519_mlkem512,True,380.147,276.637,53.427,3176,1121,2055
Constrained,Constrained,10.0,32.0,High-latency,,,,,Static-1024,11,142,SecP384r1MLKEM1024,True,709.644,676.814,70.786,4886,1954,2932
Constrained,Constrained,10.0,32.0,High-latency,,,,,Static-512,44,143,x25519_mlkem512,True,390.457,278.629,42.796,3176,1121,2055
Constrained,Constrained,10.0,32.0,High-latency,x25519_mlkem512,121.51,122.111,0.0286,Adaptive,17,144,x25519_mlkem512,True,380.125,266.812,54.955,3176,1121,2055
Constrained,Constrained,10.0,32.0,High-latency,,,,,Static-1024,37,145,SecP384r1MLKEM1024,True,329.626,308.669,62.937,4886,1954,2932
Constrained,Constrained,10.0,32.0,High-latency,,,,,Static-768,41,146,X25519MLKEM768,True,369.829,265.901,56.049,3892,1505,2387
Constrained,Constrained,10.0,32.0,High-latency,,,,,Static-1024,33,147,SecP384r1MLKEM1024,True,320.552,308.224,66.625,4886,1954,2932
Constrained,Constrained,10.0,32.0,High-latency,,,,,Static-512,23,148,x25519_mlkem512,True,747.863,627.657,56.87,3176,1121,2055
Constrained,Constrained,10.0,32.0,High-latency,x25519_mlkem512,121.559,122.1988,0.0237,Adaptive,15,149,x25519_mlkem512,True,381.06,267.099,51.545,3176,1121,2055
Constrained,Constrained,10.0,32.0,High-latency,,,,,Static-768,32,150,X25519MLKEM768,True,657.1,280.706,60.509,3892,1505,2387
Constrained,Constrained,10.0,32.0,High-latency,,,,,Static-1024,3,151,SecP384r1MLKEM1024,True,320.266,298.673,66.862,4886,1954,2932
Constrained,Constrained,10.0,32.0,High-latency,,,,,Static-768,44,152,X25519MLKEM768,True,380.068,277.411,51.352,3892,1505,2387
Constrained,Constrained,10.0,32.0,High-latency,x25519_mlkem512,121.077,122.3231,0.0284,Adaptive,35,153,x25519_mlkem512,True,748.715,628.979,58.02,3176,1121,2055
Constrained,Constrained,10.0,32.0,High-latency,,,,,Static-1024,49,154,SecP384r1MLKEM1024,True,329.736,297.588,65.344,4886,1954,2932
Constrained,Constrained,10.0,32.0,High-latency,,,,,Static-1024,17,155,SecP384r1MLKEM1024,True,320.645,288.784,63.582,4886,1954,2932
Constrained,Constrained,10.0,32.0,High-latency,,,,,Static-768,47,156,X25519MLKEM768,True,387.846,268.032,57.778,3892,1505,2387
Constrained,Constrained,10.0,32.0,High-latency,x25519_mlkem512,121.41,121.9736,0.0242,Adaptive,16,157,x25519_mlkem512,True,379.972,259.751,52.854,3176,1121,2055
Constrained,Constrained,10.0,32.0,High-latency,,,,,Static-768,30,158,X25519MLKEM768,True,388.17,268.019,51.871,3892,1505,2387
Constrained,Constrained,10.0,32.0,High-latency,,,,,Static-1024,36,159,SecP384r1MLKEM1024,True,339.707,318.797,65.863,4886,1954,2932
Constrained,Constrained,10.0,32.0,High-latency,,,,,Static-512,24,160,x25519_mlkem512,True,399.799,286.43,55.977,3176,1121,2055
Constrained,Constrained,10.0,32.0,High-latency,,,,,Static-768,13,161,X25519MLKEM768,True,388.228,268.482,54.418,3892,1505,2387
Constrained,Constrained,10.0,32.0,High-latency,x25519_mlkem512,121.464,122.2005,0.0277,Adaptive,4,162,x25519_mlkem512,True,370.787,267.243,53.623,3176,1121,2055
Constrained,Constrained,10.0,32.0,High-latency,,,,,Static-768,29,163,X25519MLKEM768,True,1429.478,280.809,70.384,3892,1505,2387
Constrained,Constrained,10.0,32.0,High-latency,x25519_mlkem512,121.367,122.5585,0.023,Adaptive,9,164,x25519_mlkem512,True,640.463,268.754,61.245,3176,1121,2055
Constrained,Constrained,10.0,32.0,High-latency,,,,,Static-1024,48,165,SecP384r1MLKEM1024,True,340.45,308.506,65.397,4886,1954,2932
Constrained,Constrained,10.0,32.0,High-latency,x25519_mlkem512,120.881,122.678,0.0224,Adaptive,32,166,x25519_mlkem512,True,390.018,277.703,43.269,3176,1121,2055
Constrained,Constrained,10.0,32.0,High-latency,,,,,Static-768,38,167,X25519MLKEM768,True,379.059,266.412,49.394,3892,1505,2387
Constrained,Constrained,10.0,32.0,High-latency,,,,,Static-768,10,168,X25519MLKEM768,True,387.023,267.608,53.596,3892,1505,2387
Constrained,Constrained,10.0,32.0,High-latency,x25519_mlkem512,121.479,122.3138,0.0236,Adaptive,45,169,x25519_mlkem512,True,390.396,277.751,51.692,3176,1121,2055
Constrained,Constrained,10.0,32.0,High-latency,,,,,Static-768,23,170,X25519MLKEM768,True,387.475,267.495,55.514,3892,1505,2387
Constrained,Constrained,10.0,32.0,High-latency,,,,,Static-512,40,171,x25519_mlkem512,True,387.732,267.489,53.573,3176,1121,2055
Constrained,Constrained,10.0,32.0,High-latency,x25519_mlkem512,121.514,122.1343,0.0299,Adaptive,22,172,x25519_mlkem512,True,760.25,646.126,60.972,3176,1121,2055
Constrained,Constrained,10.0,32.0,High-latency,,,,,Static-512,17,173,x25519_mlkem512,True,387.73,268.399,63.093,3176,1121,2055
Constrained,Constrained,10.0,32.0,High-latency,,,,,Static-512,42,174,x25519_mlkem512,True,388.22,268.186,55.477,3176,1121,2055
Constrained,Constrained,10.0,32.0,High-latency,,,,,Static-512,19,175,x25519_mlkem512,True,398.416,278.256,54.022,3176,1121,2055
Constrained,Constrained,10.0,32.0,High-latency,x25519_mlkem512,121.246,121.9281,0.0327,Adaptive,11,176,x25519_mlkem512,True,380.253,269.139,45.366,3176,1121,2055
Constrained,Constrained,10.0,32.0,High-latency,x25519_mlkem512,121.537,122.1271,0.0246,Adaptive,12,177,x25519_mlkem512,True,379.969,259.761,41.942,3176,1121,2055
Constrained,Constrained,10.0,32.0,High-latency,,,,,Static-1024,21,178,SecP384r1MLKEM1024,True,349.095,316.921,63.486,4886,1954,2932
Constrained,Constrained,10.0,32.0,High-latency,x25519_mlkem512,121.2,122.4913,0.0372,Adaptive,47,179,x25519_mlkem512,True,388.928,266.841,53.949,3176,1121,2055
Constrained,Constrained,10.0,32.0,High-latency,,,,,Static-768,17,180,X25519MLKEM768,True,386.995,267.537,51.714,3892,1505,2387
Constrained,Constrained,10.0,32.0,High-latency,,,,,Static-512,2,181,x25519_mlkem512,True,380.329,267.685,54.271,3176,1121,2055
Constrained,Constrained,10.0,32.0,High-latency,,,,,Static-512,39,182,x25519_mlkem512,True,387.338,267.4,52.699,3176,1121,2055
Constrained,Constrained,10.0,32.0,High-latency,,,,,Static-1024,45,183,SecP384r1MLKEM1024,True,380.105,363.055,81.688,4886,1954,2932
Constrained,Constrained,10.0,32.0,High-latency,,,,,Static-768,28,184,X25519MLKEM768,True,380.414,267.068,55.103,3892,1505,2387
Constrained,Constrained,10.0,32.0,High-latency,,,,,Static-512,25,185,x25519_mlkem512,True,386.031,265.931,55.665,3176,1121,2055
Constrained,Constrained,10.0,32.0,High-latency,,,,,Static-768,45,186,X25519MLKEM768,True,389.781,276.922,53.999,3892,1505,2387
Constrained,Constrained,10.0,32.0,High-latency,x25519_mlkem512,121.465,122.3382,0.0197,Adaptive,38,187,x25519_mlkem512,True,379.98,260.08,51.541,3176,1121,2055
Constrained,Constrained,10.0,32.0,High-latency,,,,,Static-512,33,188,x25519_mlkem512,True,368.216,268.084,52.352,3176,1121,2055
Constrained,Constrained,10.0,32.0,High-latency,,,,,Static-768,21,189,X25519MLKEM768,True,380.955,268.746,54.39,3892,1505,2387
Constrained,Constrained,10.0,32.0,High-latency,,,,,Static-768,8,190,X25519MLKEM768,True,397.295,277.549,52.409,3892,1505,2387
Constrained,Constrained,10.0,32.0,High-latency,x25519_mlkem512,121.754,122.3124,0.0251,Adaptive,36,191,x25519_mlkem512,True,390.04,277.496,53.965,3176,1121,2055
Constrained,Constrained,10.0,32.0,High-latency,,,,,Static-512,43,192,x25519_mlkem512,True,1439.95,282.739,65.022,3176,1121,2055
Constrained,Constrained,10.0,32.0,High-latency,,,,,Static-512,49,193,x25519_mlkem512,True,384.026,263.819,75.591,3176,1121,2055
Constrained,Constrained,10.0,32.0,High-latency,,,,,Static-1024,38,194,SecP384r1MLKEM1024,True,340.422,304.72,79.266,4886,1954,2932
Constrained,Constrained,10.0,32.0,High-latency,x25519_mlkem512,121.345,122.0467,0.0235,Adaptive,44,195,x25519_mlkem512,True,399.323,276.532,55.561,3176,1121,2055
Constrained,Constrained,10.0,32.0,High-latency,,,,,Static-512,31,196,x25519_mlkem512,True,1490.664,375.881,70.26,3176,1121,2055
Constrained,Constrained,10.0,32.0,High-latency,,,,,Static-1024,7,197,SecP384r1MLKEM1024,True,340.969,318.551,67.213,4886,1954,2932
Constrained,Constrained,10.0,32.0,High-latency,,,,,Static-768,42,198,X25519MLKEM768,True,380.142,277.299,56.653,3892,1505,2387
Constrained,Constrained,10.0,32.0,High-latency,,,,,Static-512,27,199,x25519_mlkem512,True,390.772,277.618,54.908,3176,1121,2055
